timestamp,connections,total_commits,total_rollbacks,blocks_hit,blocks_read,read_time_ms,write_time_ms,rows_returned,rows_fetched,rows_inserted,rows_updated,rows_deleted,database_size_bytes,locks_count,deadlocks,connection_limit,temp_files,temp_bytes,conflicts,active_time_seconds,max_connections,shared_buffers_bytes,work_mem_bytes,effective_cache_size_bytes,maintenance_work_mem_bytes,checkpoint_timeout_seconds,wal_buffers_bytes,max_wal_size_bytes,min_wal_size_bytes,random_page_cost,seq_page_cost,total_active_connections,max_transaction_duration,server_up,wal_segments,wal_size_bytes,bgwriter_buffers_allocated,bgwriter_buffers_clean,bgwriter_maxwritten_clean,archiver_archived_count,archiver_failed_count,archiver_last_age,autovacuum_max_workers,autovacuum_naptime_seconds,autovacuum_vacuum_threshold,autovacuum_analyze_threshold,replication_is_replica,replication_lag_seconds,exporter_scrape_duration,exporter_scrape_error,exporter_scrapes_total,cache_hit_ratio_percent,tps_commits,tps_rollbacks,tps_total,rollback_percent,query_efficiency,rows_returned_per_interval,rows_fetched_per_interval,rows_inserted_per_interval,rows_updated_per_interval,rows_deleted_per_interval,connection_usage_percent,database_size_mb,wal_size_mb,total_activity_per_interval
2025-08-05 13:39:00,2.0,27065497.0,115.0,3189839557.0,1738.0,0.0,0.0,124389816062.0,691203884.0,51713.0,198.0,1.0,17165459.0,0.0,0.0,-1.0,0.0,0.0,0.0,458815.164399,100.0,134217728.0,4194304.0,4294967296.0,67108864.0,300.0,4194304.0,1073741824.0,83886080.0,4.0,1.0,1.0,0.0,1.0,2.0,33554432.0,7795.0,0.0,0.0,0.0,0.0,,3.0,60.0,50.0,50.0,0.0,0.0,0.008228655,0.0,4741.0,99.99994548318118,0.0,0.0,0.0,0.00042489338778323627,0.005556756219093727,0.0,0.0,0.0,0.0,0.0,2.0,16.37025737762451,32.0,0.0
2025-08-05 13:39:15,2.0,27065522.0,115.0,3189842541.0,1738.0,0.0,0.0,124389819795.0,691205780.0,51713.0,198.0,1.0,17165459.0,0.0,0.0,-1.0,0.0,0.0,0.0,458815.18295499997,100.0,134217728.0,4194304.0,4294967296.0,67108864.0,300.0,4194304.0,1073741824.0,83886080.0,4.0,1.0,1.0,0.0,1.0,2.0,33554432.0,7795.0,0.0,0.0,0.0,0.0,,3.0,60.0,50.0,50.0,0.0,0.0,0.008947168,0.0,4742.0,99.99994548323218,1.6666666666666667,0.0,1.6666666666666667,0.0004248929953175314,0.005556771294737635,3733.0,1896.0,0.0,0.0,0.0,2.0,16.37025737762451,32.0,5629.0
2025-08-05 13:39:30,2.0,27065550.0,115.0,3189845525.0,1738.0,0.0,0.0,124389823528.0,691207676.0,51713.0,198.0,1.0,17165459.0,0.0,0.0,-1.0,0.0,0.0,0.0,458815.20312300004,100.0,134217728.0,4194304.0,4294967296.0,67108864.0,300.0,4194304.0,1073741824.0,83886080.0,4.0,1.0,2.0,0.0,1.0,2.0,33554432.0,7795.0,0.0,0.0,0.0,0.0,,3.0,60.0,50.0,50.0,0.0,0.0,0.010125213,0.0,4743.0,99.99994548328318,1.8666666666666667,0.0,1.8666666666666667,0.00042489255575680273,0.005556786370380638,3733.0,1896.0,0.0,0.0,0.0,2.0,16.37025737762451,32.0,5629.0
2025-08-05 13:39:45,2.0,27065578.0,115.0,3189848509.0,1738.0,0.0,0.0,124389827261.0,691209572.0,51713.0,198.0,1.0,17165459.0,0.0,0.0,-1.0,0.0,0.0,0.0,458815.22299000004,100.0,134217728.0,4194304.0,4294967296.0,67108864.0,300.0,4194304.0,1073741824.0,83886080.0,4.0,1.0,1.0,0.0,1.0,2.0,33554432.0,7795.0,0.0,0.0,0.0,0.0,,3.0,60.0,50.0,50.0,0.0,0.0,0.009770529,0.0,4744.0,99.99994548333417,1.8666666666666667,0.0,1.8666666666666667,0.0004248921161969835,0.005556801446022736,3733.0,1896.0,0.0,0.0,0.0,2.0,16.37025737762451,32.0,5629.0
2025-08-05 13:40:00,2.0,27065609.0,115.0,3189851570.0,1738.0,0.0,0.0,124389832122.0,691211482.0,51713.0,198.0,1.0,17165459.0,0.0,0.0,-1.0,0.0,0.0,0.0,458815.242282,100.0,134217728.0,4194304.0,4294967296.0,67108864.0,300.0,4194304.0,1073741824.0,83886080.0,4.0,1.0,1.0,0.0,1.0,2.0,33554432.0,7795.0,0.0,0.0,0.0,0.0,,3.0,60.0,50.0,50.0,0.0,0.0,0.010288075,0.0,4745.0,99.99994548338648,2.066666666666667,0.0,2.066666666666667,0.00042489162954253024,0.005556816583822635,4861.0,1910.0,0.0,0.0,0.0,2.0,16.37025737762451,32.0,6771.0
2025-08-05 13:40:15,2.0,27065637.0,115.0,3189854554.0,1738.0,0.0,0.0,124389835855.0,691213378.0,51713.0,198.0,1.0,17165459.0,0.0,0.0,-1.0,0.0,0.0,0.0,458815.262101,100.0,134217728.0,4194304.0,4294967296.0,67108864.0,300.0,4194304.0,1073741824.0,83886080.0,4.0,1.0,1.0,0.0,1.0,2.0,33554432.0,7795.0,0.0,0.0,0.0,0.0,,3.0,60.0,50.0,50.0,0.0,0.0,0.010279149,0.0,4746.0,99.99994548343749,1.8666666666666667,0.0,1.8666666666666667,0.0004248911899846274,0.0055568316594627855,3733.0,1896.0,0.0,0.0,0.0,2.0,16.37025737762451,32.0,5629.0
2025-08-05 13:40:30,2.0,27065665.0,115.0,3189857538.0,1738.0,0.0,0.0,124389839588.0,691215274.0,51713.0,198.0,1.0,17165459.0,0.0,0.0,-1.0,0.0,0.0,0.0,458815.28209500003,100.0,134217728.0,4194304.0,4294967296.0,67108864.0,300.0,4194304.0,1073741824.0,83886080.0,4.0,1.0,1.0,0.0,1.0,2.0,33554432.0,7795.0,0.0,0.0,0.0,0.0,,3.0,60.0,50.0,50.0,0.0,0.0,0.010720124,0.0,4747.0,99.99994548348849,1.8666666666666667,0.0,1.8666666666666667,0.000424890750427634,0.005556846735102031,3733.0,1896.0,0.0,0.0,0.0,2.0,16.37025737762451,32.0,5629.0
2025-08-05 13:40:45,2.0,27065692.0,115.0,3189860522.0,1738.0,0.0,0.0,124389843321.0,691217170.0,51713.0,198.0,1.0,17165459.0,0.0,0.0,-1.0,0.0,0.0,0.0,458815.302249,100.0,134217728.0,4194304.0,4294967296.0,67108864.0,300.0,4194304.0,1073741824.0,83886080.0,4.0,1.0,2.0,0.0,1.0,2.0,33554432.0,7795.0,0.0,0.0,0.0,0.0,,3.0,60.0,50.0,50.0,0.0,0.0,0.009971414,0.0,4748.0,99.99994548353949,1.8,0.0,1.8,0.0004248903265699661,0.005556861810740371,3733.0,1896.0,0.0,0.0,0.0,2.0,16.37025737762451,32.0,5629.0
2025-08-05 13:41:00,2.0,27065722.0,115.0,3189863583.0,1738.0,0.0,0.0,124389848182.0,691219080.0,51713.0,198.0,1.0,17165459.0,0.0,0.0,-1.0,0.0,0.0,0.0,458815.322105,100.0,134217728.0,4194304.0,4294967296.0,67108864.0,300.0,4194304.0,1073741824.0,83886080.0,4.0,1.0,2.0,0.0,1.0,2.0,33554432.0,7795.0,0.0,0.0,0.0,0.0,,3.0,60.0,50.0,50.0,0.0,0.0,0.010509001,0.0,4749.0,99.9999454835918,2.0,0.0,2.0,0.0004248898556179934,0.005556876948535957,4861.0,1910.0,0.0,0.0,0.0,2.0,16.37025737762451,32.0,6771.0
2025-08-05 13:41:15,2.0,27065750.0,115.0,3189866567.0,1738.0,0.0,0.0,124389851915.0,691220976.0,51713.0,198.0,1.0,17165459.0,0.0,0.0,-1.0,0.0,0.0,0.0,458815.34180500003,100.0,134217728.0,4194304.0,4294967296.0,67108864.0,300.0,4194304.0,1073741824.0,83886080.0,4.0,1.0,2.0,0.0,1.0,2.0,33554432.0,7795.0,0.0,0.0,0.0,0.0,,3.0,60.0,50.0,50.0,0.0,0.0,0.010545338,0.0,4750.0,99.99994548364279,1.8666666666666667,0.0,1.8666666666666667,0.00042488941606376094,0.005556892024172349,3733.0,1896.0,0.0,0.0,0.0,2.0,16.37025737762451,32.0,5629.0
2025-08-05 13:41:30,2.0,27065781.0,115.0,3189869551.0,1738.0,0.0,0.0,124389855648.0,691222872.0,51713.0,198.0,1.0,17165459.0,0.0,0.0,-1.0,0.0,0.0,0.0,458815.363412,100.0,134217728.0,4194304.0,4294967296.0,67108864.0,300.0,4194304.0,1073741824.0,83886080.0,4.0,1.0,1.0,0.0,1.0,2.0,33554432.0,7795.0,0.0,0.0,0.0,0.0,,3.0,60.0,50.0,50.0,0.0,0.0,0.009229939,0.0,4751.0,99.99994548369379,2.066666666666667,0.0,2.066666666666667,0.00042488892941549287,0.005556907099807836,3733.0,1896.0,0.0,0.0,0.0,2.0,16.37025737762451,32.0,5629.0
2025-08-05 13:41:45,2.0,27065807.0,115.0,3189872535.0,1738.0,0.0,0.0,124389859381.0,691224768.0,51713.0,198.0,1.0,17165459.0,0.0,0.0,-1.0,0.0,0.0,0.0,458815.381328,100.0,134217728.0,4194304.0,4294967296.0,67108864.0,300.0,4194304.0,1073741824.0,83886080.0,4.0,1.0,1.0,0.0,1.0,2.0,33554432.0,7795.0,0.0,0.0,0.0,0.0,,3.0,60.0,50.0,50.0,0.0,0.0,0.010346996,0.0,4752.0,99.9999454837448,1.7333333333333334,0.0,1.7333333333333334,0.0004248885212597405,0.005556922175442419,3733.0,1896.0,0.0,0.0,0.0,2.0,16.37025737762451,32.0,5629.0
2025-08-05 13:42:00,2.0,27065836.0,115.0,3189875596.0,1738.0,0.0,0.0,124389864242.0,691226678.0,51713.0,198.0,1.0,17165459.0,0.0,0.0,-1.0,0.0,0.0,0.0,458815.40153,100.0,134217728.0,4194304.0,4294967296.0,67108864.0,300.0,4194304.0,1073741824.0,83886080.0,4.0,1.0,1.0,0.0,1.0,2.0,33554432.0,7795.0,0.0,0.0,0.0,0.0,,3.0,60.0,50.0,50.0,0.0,0.0,0.008926656,0.0,4753.0,99.9999454837971,1.9333333333333333,0.0,1.9333333333333333,0.0004248880660100188,0.005556937313233691,4861.0,1910.0,0.0,0.0,0.0,2.0,16.37025737762451,32.0,6771.0
2025-08-05 13:42:15,2.0,27065864.0,115.0,3189878580.0,1738.0,0.0,0.0,124389867975.0,691228574.0,51713.0,198.0,1.0,17165459.0,0.0,0.0,-1.0,0.0,0.0,0.0,458815.420279,100.0,134217728.0,4194304.0,4294967296.0,67108864.0,300.0,4194304.0,1073741824.0,83886080.0,4.0,1.0,1.0,0.0,1.0,2.0,33554432.0,7795.0,0.0,0.0,0.0,0.0,,3.0,60.0,50.0,50.0,0.0,0.0,0.010544297,0.0,4754.0,99.99994548384811,1.8666666666666667,0.0,1.8666666666666667,0.00042488762645948903,0.005556952388866325,3733.0,1896.0,0.0,0.0,0.0,2.0,16.37025737762451,32.0,5629.0
2025-08-05 13:42:30,2.0,27065892.0,115.0,3189881564.0,1738.0,0.0,0.0,124389871708.0,691230470.0,51713.0,198.0,1.0,17165459.0,0.0,0.0,-1.0,0.0,0.0,0.0,458815.4401,100.0,134217728.0,4194304.0,4294967296.0,67108864.0,300.0,4194304.0,1073741824.0,83886080.0,4.0,1.0,1.0,0.0,1.0,2.0,33554432.0,7795.0,0.0,0.0,0.0,0.0,,3.0,60.0,50.0,50.0,0.0,0.0,0.009345025,0.0,4755.0,99.9999454838991,1.8666666666666667,0.0,1.8666666666666667,0.00042488718690986864,0.005556967464498054,3733.0,1896.0,0.0,0.0,0.0,2.0,16.37025737762451,32.0,5629.0
2025-08-05 13:42:45,2.0,27065920.0,115.0,3189884548.0,1738.0,0.0,0.0,124389875441.0,691232366.0,51713.0,198.0,1.0,17165459.0,0.0,0.0,-1.0,0.0,0.0,0.0,458815.45990899997,100.0,134217728.0,4194304.0,4294967296.0,67108864.0,300.0,4194304.0,1073741824.0,83886080.0,4.0,1.0,2.0,0.0,1.0,2.0,33554432.0,7795.0,0.0,0.0,0.0,0.0,,3.0,60.0,50.0,50.0,0.0,0.0,0.010426884,0.0,4756.0,99.9999454839501,1.8666666666666667,0.0,1.8666666666666667,0.00042488674736115774,0.0055569825401288785,3733.0,1896.0,0.0,0.0,0.0,2.0,16.37025737762451,32.0,5629.0
2025-08-05 13:43:00,2.0,27065951.0,115.0,3189887609.0,1738.0,0.0,0.0,124389880302.0,691234276.0,51713.0,198.0,1.0,17165459.0,0.0,0.0,-1.0,0.0,0.0,0.0,458815.480976,100.0,134217728.0,4194304.0,4294967296.0,67108864.0,300.0,4194304.0,1073741824.0,83886080.0,4.0,1.0,1.0,0.0,1.0,2.0,33554432.0,7795.0,0.0,0.0,0.0,0.0,,3.0,60.0,50.0,50.0,0.0,0.0,0.008565859,0.0,4757.0,99.99994548400241,2.066666666666667,0.0,2.066666666666667,0.0004248862607190029,0.005556997677915837,4861.0,1910.0,0.0,0.0,0.0,2.0,16.37025737762451,32.0,6771.0
2025-08-05 13:43:15,2.0,27065978.0,115.0,3189890593.0,1738.0,0.0,0.0,124389884035.0,691236172.0,51713.0,198.0,1.0,17165459.0,0.0,0.0,-1.0,0.0,0.0,0.0,458815.499913,100.0,134217728.0,4194304.0,4294967296.0,67108864.0,300.0,4194304.0,1073741824.0,83886080.0,4.0,1.0,2.0,0.0,1.0,2.0,33554432.0,7795.0,0.0,0.0,0.0,0.0,,3.0,60.0,50.0,50.0,0.0,0.0,0.008648936,0.0,4758.0,99.99994548405341,1.8,0.0,1.8,0.00042488583687029237,0.005557012753544714,3733.0,1896.0,0.0,0.0,0.0,2.0,16.37025737762451,32.0,5629.0
2025-08-05 13:43:30,2.0,27066006.0,115.0,3189893577.0,1738.0,0.0,0.0,124389887768.0,691238068.0,51713.0,198.0,1.0,17165459.0,0.0,0.0,-1.0,0.0,0.0,0.0,458815.519466,100.0,134217728.0,4194304.0,4294967296.0,67108864.0,300.0,4194304.0,1073741824.0,83886080.0,4.0,1.0,1.0,0.0,1.0,2.0,33554432.0,7795.0,0.0,0.0,0.0,0.0,,3.0,60.0,50.0,50.0,0.0,0.0,0.008696977,0.0,4759.0,99.9999454841044,1.8666666666666667,0.0,1.8666666666666667,0.00042488539732437474,0.005557027829172685,3733.0,1896.0,0.0,0.0,0.0,2.0,16.37025737762451,32.0,5629.0
2025-08-05 13:43:45,2.0,27066034.0,115.0,3189896561.0,1738.0,0.0,0.0,124389891501.0,691239964.0,51713.0,198.0,1.0,17165459.0,0.0,0.0,-1.0,0.0,0.0,0.0,458815.53868199995,100.0,134217728.0,4194304.0,4294967296.0,67108864.0,300.0,4194304.0,1073741824.0,83886080.0,4.0,1.0,1.0,0.0,1.0,2.0,33554432.0,7795.0,0.0,0.0,0.0,0.0,,3.0,60.0,50.0,50.0,0.0,0.0,0.009076508,0.0,4760.0,99.9999454841554,1.8666666666666667,0.0,1.8666666666666667,0.00042488495777936644,0.0055570429047997515,3733.0,1896.0,0.0,0.0,0.0,2.0,16.37025737762451,32.0,5629.0
2025-08-05 13:44:00,2.0,27066067.0,115.0,3189899622.0,1738.0,0.0,0.0,124389896362.0,691241874.0,51713.0,198.0,1.0,17165459.0,0.0,0.0,-1.0,0.0,0.0,0.0,458815.559647,100.0,134217728.0,4194304.0,4294967296.0,67108864.0,300.0,4194304.0,1073741824.0,83886080.0,4.0,1.0,2.0,0.0,1.0,2.0,33554432.0,7795.0,0.0,0.0,0.0,0.0,,3.0,60.0,50.0,50.0,0.0,0.0,0.011310477,0.0,4761.0,99.99994548420771,2.2,0.0,2.2,0.0004248844397453457,0.005557058042582397,4861.0,1910.0,0.0,0.0,0.0,2.0,16.37025737762451,32.0,6771.0
2025-08-05 13:44:15,2.0,27066092.0,115.0,3189902606.0,1738.0,0.0,0.0,124389900095.0,691243770.0,51713.0,198.0,1.0,17165459.0,0.0,0.0,-1.0,0.0,0.0,0.0,458815.57753500005,100.0,134217728.0,4194304.0,4294967296.0,67108864.0,300.0,4194304.0,1073741824.0,83886080.0,4.0,1.0,2.0,0.001464,1.0,2.0,33554432.0,7795.0,0.0,0.0,0.0,0.0,,3.0,60.0,50.0,50.0,0.0,0.0,0.012512201,0.0,4762.0,99.99994548425872,1.6666666666666667,0.0,1.6666666666666667,0.00042488404729617093,0.005557073118207515,3733.0,1896.0,0.0,0.0,0.0,2.0,16.37025737762451,32.0,5629.0
2025-08-05 13:44:30,2.0,27066123.0,115.0,3189905590.0,1738.0,0.0,0.0,124389903828.0,691245666.0,51713.0,198.0,1.0,17165459.0,0.0,0.0,-1.0,0.0,0.0,0.0,458815.60010900005,100.0,134217728.0,4194304.0,4294967296.0,67108864.0,300.0,4194304.0,1073741824.0,83886080.0,4.0,1.0,1.0,0.0,1.0,2.0,33554432.0,7795.0,0.0,0.0,0.0,0.0,,3.0,60.0,50.0,50.0,0.0,0.0,0.009334349,0.0,4763.0,99.99994548430972,2.066666666666667,0.0,2.066666666666667,0.0004248835606602011,0.005557088193831728,3733.0,1896.0,0.0,0.0,0.0,2.0,16.37025737762451,32.0,5629.0
2025-08-05 13:44:45,2.0,27066151.0,115.0,3189908574.0,1738.0,0.0,0.0,124389907561.0,691247562.0,51713.0,198.0,1.0,17165459.0,0.0,0.0,-1.0,0.0,0.0,0.0,458815.620111,100.0,134217728.0,4194304.0,4294967296.0,67108864.0,300.0,4194304.0,1073741824.0,83886080.0,4.0,1.0,1.0,0.0,1.0,2.0,33554432.0,7795.0,0.0,0.0,0.0,0.0,,3.0,60.0,50.0,50.0,0.0,0.0,0.008981075,0.0,4764.0,99.99994548436071,1.8666666666666667,0.0,1.8666666666666667,0.0004248831211189929,0.005557103269455037,3733.0,1896.0,0.0,0.0,0.0,2.0,16.37025737762451,32.0,5629.0
2025-08-05 13:45:00,2.0,27066178.0,115.0,3189911635.0,1738.0,0.0,0.0,124389912422.0,691249472.0,51713.0,198.0,1.0,17165459.0,0.0,0.0,-1.0,0.0,0.0,0.0,458815.638505,100.0,134217728.0,4194304.0,4294967296.0,67108864.0,300.0,4194304.0,1073741824.0,83886080.0,4.0,1.0,2.0,0.0,1.0,2.0,33554432.0,7795.0,0.0,0.0,0.0,0.0,,3.0,60.0,50.0,50.0,0.0,0.0,0.009858344,0.0,4765.0,99.99994548441302,1.8,0.0,1.8,0.00042488269727654625,0.005557118407233369,4861.0,1910.0,0.0,0.0,0.0,2.0,16.37025737762451,32.0,6771.0
2025-08-05 13:45:15,2.0,27066206.0,115.0,3189914619.0,1738.0,0.0,0.0,124389916155.0,691251368.0,51713.0,198.0,1.0,17165459.0,0.0,0.0,-1.0,0.0,0.0,0.0,458815.6582,100.0,134217728.0,4194304.0,4294967296.0,67108864.0,300.0,4194304.0,1073741824.0,83886080.0,4.0,1.0,1.0,0.0,1.0,2.0,33554432.0,7795.0,0.0,0.0,0.0,0.0,,3.0,60.0,50.0,50.0,0.0,0.0,0.009922975,0.0,4766.0,99.99994548446402,1.8666666666666667,0.0,1.8666666666666667,0.00042488225773712436,0.005557133482854729,3733.0,1896.0,0.0,0.0,0.0,2.0,16.37025737762451,32.0,5629.0
2025-08-05 13:45:30,2.0,27066234.0,115.0,3189917603.0,1738.0,0.0,0.0,124389919888.0,691253264.0,51713.0,198.0,1.0,17165459.0,0.0,0.0,-1.0,0.0,0.0,0.0,458815.678036,100.0,134217728.0,4194304.0,4294967296.0,67108864.0,300.0,4194304.0,1073741824.0,83886080.0,4.0,1.0,1.0,0.0,1.0,2.0,33554432.0,7795.0,0.0,0.0,0.0,0.0,,3.0,60.0,50.0,50.0,0.0,0.0,0.009430888,0.0,4767.0,99.99994548451501,1.8666666666666667,0.0,1.8666666666666667,0.00042488181819861194,0.005557148558475184,3733.0,1896.0,0.0,0.0,0.0,2.0,16.37025737762451,32.0,5629.0
2025-08-05 13:45:45,2.0,27066262.0,115.0,3189920587.0,1738.0,0.0,0.0,124389923621.0,691255160.0,51713.0,198.0,1.0,17165459.0,0.0,0.0,-1.0,0.0,0.0,0.0,458815.698203,100.0,134217728.0,4194304.0,4294967296.0,67108864.0,300.0,4194304.0,1073741824.0,83886080.0,4.0,1.0,2.0,1.6e-05,1.0,2.0,33554432.0,7795.0,0.0,0.0,0.0,0.0,,3.0,60.0,50.0,50.0,0.0,0.0,0.011439587,0.0,4768.0,99.99994548456601,1.8666666666666667,0.0,1.8666666666666667,0.00042488137866100885,0.0055571636340947346,3733.0,1896.0,0.0,0.0,0.0,2.0,16.37025737762451,32.0,5629.0
2025-08-05 13:46:00,2.0,27066292.0,115.0,3189923648.0,1738.0,0.0,0.0,124389928482.0,691257070.0,51713.0,198.0,1.0,17165459.0,0.0,0.0,-1.0,0.0,0.0,0.0,458815.717924,100.0,134217728.0,4194304.0,4294967296.0,67108864.0,300.0,4194304.0,1073741824.0,83886080.0,4.0,1.0,1.0,0.0,1.0,2.0,33554432.0,7795.0,0.0,0.0,0.0,0.0,,3.0,60.0,50.0,50.0,0.0,0.0,0.009888118,0.0,4769.0,99.99994548461832,2.0,0.0,2.0,0.0004248809077288719,0.005557178771868753,4861.0,1910.0,0.0,0.0,0.0,2.0,16.37025737762451,32.0,6771.0
2025-08-05 13:46:15,2.0,27066320.0,115.0,3189926632.0,1738.0,0.0,0.0,124389932215.0,691258966.0,51713.0,198.0,1.0,17165459.0,0.0,0.0,-1.0,0.0,0.0,0.0,458815.73715,100.0,134217728.0,4194304.0,4294967296.0,67108864.0,300.0,4194304.0,1073741824.0,83886080.0,4.0,1.0,1.0,0.0,1.0,2.0,33554432.0,7795.0,0.0,0.0,0.0,0.0,,3.0,60.0,50.0,50.0,0.0,0.0,0.008753636,0.0,4770.0,99.99994548466931,1.8666666666666667,0.0,1.8666666666666667,0.0004248804681931526,0.005557193847486356,3733.0,1896.0,0.0,0.0,0.0,2.0,16.37025737762451,32.0,5629.0
2025-08-05 13:46:30,2.0,27066348.0,115.0,3189929616.0,1738.0,0.0,0.0,124389935948.0,691260862.0,51713.0,198.0,1.0,17165459.0,0.0,0.0,-1.0,0.0,0.0,0.0,458815.756333,100.0,134217728.0,4194304.0,4294967296.0,67108864.0,300.0,4194304.0,1073741824.0,83886080.0,4.0,1.0,2.0,0.0,1.0,2.0,33554432.0,7795.0,0.0,0.0,0.0,0.0,,3.0,60.0,50.0,50.0,0.0,0.0,0.010724197,0.0,4771.0,99.99994548472031,1.8666666666666667,0.0,1.8666666666666667,0.00042488002865834266,0.0055572089231030524,3733.0,1896.0,0.0,0.0,0.0,2.0,16.37025737762451,32.0,5629.0
2025-08-05 13:46:45,2.0,27066376.0,115.0,3189932600.0,1738.0,0.0,0.0,124389939681.0,691262758.0,51713.0,198.0,1.0,17165459.0,0.0,0.0,-1.0,0.0,0.0,0.0,458815.77775199997,100.0,134217728.0,4194304.0,4294967296.0,67108864.0,300.0,4194304.0,1073741824.0,83886080.0,4.0,1.0,2.0,0.001686,1.0,2.0,33554432.0,7795.0,0.0,0.0,0.0,0.0,,3.0,60.0,50.0,50.0,0.0,0.0,0.012296913,0.0,4772.0,99.99994548477132,1.8666666666666667,0.0,1.8666666666666667,0.0004248795891244421,0.0055572239987188455,3733.0,1896.0,0.0,0.0,0.0,2.0,16.37025737762451,32.0,5629.0
2025-08-05 13:47:00,2.0,27066406.0,115.0,3189935661.0,1738.0,0.0,0.0,124389944542.0,691264668.0,51713.0,198.0,1.0,17165459.0,0.0,0.0,-1.0,0.0,0.0,0.0,458815.798429,100.0,134217728.0,4194304.0,4294967296.0,67108864.0,300.0,4194304.0,1073741824.0,83886080.0,4.0,1.0,1.0,0.0,1.0,2.0,33554432.0,7795.0,0.0,0.0,0.0,0.0,,3.0,60.0,50.0,50.0,0.0,0.0,0.009992389,0.0,4773.0,99.99994548482361,2.0,0.0,2.0,0.00042487911819627213,0.005557239136488551,4861.0,1910.0,0.0,0.0,0.0,2.0,16.37025737762451,32.0,6771.0
2025-08-05 13:47:15,2.0,27066434.0,115.0,3189938645.0,1738.0,0.0,0.0,124389948275.0,691266564.0,51713.0,198.0,1.0,17165459.0,0.0,0.0,-1.0,0.0,0.0,0.0,458815.818749,100.0,134217728.0,4194304.0,4294967296.0,67108864.0,300.0,4194304.0,1073741824.0,83886080.0,4.0,1.0,2.0,0.0,1.0,2.0,33554432.0,7795.0,0.0,0.0,0.0,0.0,,3.0,60.0,50.0,50.0,0.0,0.0,0.009681939,0.0,4774.0,99.99994548487462,1.8666666666666667,0.0,1.8666666666666667,0.00042487867866425533,0.005557254212102395,3733.0,1896.0,0.0,0.0,0.0,2.0,16.37025737762451,32.0,5629.0
2025-08-05 13:47:30,2.0,27066462.0,115.0,3189941629.0,1738.0,0.0,0.0,124389952008.0,691268460.0,51713.0,198.0,1.0,17165459.0,0.0,0.0,-1.0,0.0,0.0,0.0,458815.83855800005,100.0,134217728.0,4194304.0,4294967296.0,67108864.0,300.0,4194304.0,1073741824.0,83886080.0,4.0,1.0,1.0,0.0,1.0,2.0,33554432.0,7795.0,0.0,0.0,0.0,0.0,,3.0,60.0,50.0,50.0,0.0,0.0,0.010512493,0.0,4775.0,99.99994548492562,1.8666666666666667,0.0,1.8666666666666667,0.00042487823913314786,0.005557269287715334,3733.0,1896.0,0.0,0.0,0.0,2.0,16.37025737762451,32.0,5629.0
2025-08-05 13:47:45,2.0,27066492.0,115.0,3189944613.0,1738.0,0.0,0.0,124389955741.0,691270356.0,51713.0,198.0,1.0,17165459.0,0.0,0.0,-1.0,0.0,0.0,0.0,458815.859173,100.0,134217728.0,4194304.0,4294967296.0,67108864.0,300.0,4194304.0,1073741824.0,83886080.0,4.0,1.0,1.0,0.0,1.0,2.0,33554432.0,7795.0,0.0,0.0,0.0,0.0,,3.0,60.0,50.0,50.0,0.0,0.0,0.009086345,0.0,4776.0,99.9999454849766,2.0,0.0,2.0,0.0004248777682079705,0.005557284363327368,3733.0,1896.0,0.0,0.0,0.0,2.0,16.37025737762451,32.0,5629.0
2025-08-05 13:48:00,2.0,27066522.0,115.0,3189947674.0,1738.0,0.0,0.0,124389960602.0,691272266.0,51713.0,198.0,1.0,17165459.0,0.0,0.0,-1.0,0.0,0.0,0.0,458815.878573,100.0,134217728.0,4194304.0,4294967296.0,67108864.0,300.0,4194304.0,1073741824.0,83886080.0,4.0,1.0,1.0,0.0,1.0,2.0,33554432.0,7795.0,0.0,0.0,0.0,0.0,,3.0,60.0,50.0,50.0,0.0,0.0,0.009040866,0.0,4777.0,99.99994548502892,2.0,0.0,2.0,0.000424877297283837,0.00555729950109276,4861.0,1910.0,0.0,0.0,0.0,2.0,16.37025737762451,32.0,6771.0
2025-08-05 13:48:15,2.0,27066548.0,115.0,3189950658.0,1738.0,0.0,0.0,124389964335.0,691274162.0,51713.0,198.0,1.0,17165459.0,0.0,0.0,-1.0,0.0,0.0,0.0,458815.89712,100.0,134217728.0,4194304.0,4294967296.0,67108864.0,300.0,4194304.0,1073741824.0,83886080.0,4.0,1.0,2.0,0.000382,1.0,2.0,33554432.0,7795.0,0.0,0.0,0.0,0.0,,3.0,60.0,50.0,50.0,0.0,0.0,0.011759215,0.0,4778.0,99.9999454850799,1.7333333333333334,0.0,1.7333333333333334,0.0004248768891504324,0.005557314576702847,3733.0,1896.0,0.0,0.0,0.0,2.0,16.37025737762451,32.0,5629.0
2025-08-05 13:48:30,2.0,27066578.0,115.0,3189953642.0,1738.0,0.0,0.0,124389968068.0,691276058.0,51713.0,198.0,1.0,17165459.0,0.0,0.0,-1.0,0.0,0.0,0.0,458815.91774199996,100.0,134217728.0,4194304.0,4294967296.0,67108864.0,300.0,4194304.0,1073741824.0,83886080.0,4.0,1.0,1.0,0.0,1.0,2.0,33554432.0,7795.0,0.0,0.0,0.0,0.0,,3.0,60.0,50.0,50.0,0.0,0.0,0.009055544,0.0,4779.0,99.99994548513091,2.0,0.0,2.0,0.0004248764182282476,0.005557329652312028,3733.0,1896.0,0.0,0.0,0.0,2.0,16.37025737762451,32.0,5629.0
2025-08-05 13:48:45,2.0,27066604.0,115.0,3189956626.0,1738.0,0.0,0.0,124389971801.0,691277954.0,51713.0,198.0,1.0,17165459.0,0.0,0.0,-1.0,0.0,0.0,0.0,458815.936154,100.0,134217728.0,4194304.0,4294967296.0,67108864.0,300.0,4194304.0,1073741824.0,83886080.0,4.0,1.0,1.0,0.0,1.0,2.0,33554432.0,7795.0,0.0,0.0,0.0,0.0,,3.0,60.0,50.0,50.0,0.0,0.0,0.009124921,0.0,4780.0,99.99994548518191,1.7333333333333334,0.0,1.7333333333333334,0.0004248760100965318,0.005557344727920304,3733.0,1896.0,0.0,0.0,0.0,2.0,16.37025737762451,32.0,5629.0
2025-08-05 13:49:00,2.0,27066634.0,115.0,3189959687.0,1738.0,0.0,0.0,124389976662.0,691279864.0,51713.0,198.0,1.0,17165459.0,0.0,0.0,-1.0,0.0,0.0,0.0,458815.955509,100.0,134217728.0,4194304.0,4294967296.0,67108864.0,300.0,4194304.0,1073741824.0,83886080.0,4.0,1.0,2.0,0.0,1.0,2.0,33554432.0,7795.0,0.0,0.0,0.0,0.0,,3.0,60.0,50.0,50.0,0.0,0.0,0.008852731,0.0,4781.0,99.99994548523422,2.0,0.0,2.0,0.0004248755391762956,0.005557359865681383,4861.0,1910.0,0.0,0.0,0.0,2.0,16.37025737762451,32.0,6771.0
2025-08-05 13:49:15,2.0,27066662.0,115.0,3189962671.0,1738.0,0.0,0.0,124389980395.0,691281760.0,51713.0,198.0,1.0,17165459.0,0.0,0.0,-1.0,0.0,0.0,0.0,458815.974471,100.0,134217728.0,4194304.0,4294967296.0,67108864.0,300.0,4194304.0,1073741824.0,83886080.0,4.0,1.0,2.0,0.0,1.0,2.0,33554432.0,7795.0,0.0,0.0,0.0,0.0,,3.0,60.0,50.0,50.0,0.0,0.0,0.01043478,0.0,4782.0,99.99994548528521,1.8666666666666667,0.0,1.8666666666666667,0.00042487509965168373,0.0055573749412877104,3733.0,1896.0,0.0,0.0,0.0,2.0,16.37025737762451,32.0,5629.0
2025-08-05 13:49:30,2.0,27066692.0,115.0,3189965655.0,1738.0,0.0,0.0,124389984128.0,691283656.0,51713.0,198.0,1.0,17165459.0,0.0,0.0,-1.0,0.0,0.0,0.0,458815.994836,100.0,134217728.0,4194304.0,4294967296.0,67108864.0,300.0,4194304.0,1073741824.0,83886080.0,4.0,1.0,1.0,0.0,1.0,2.0,33554432.0,7795.0,0.0,0.0,0.0,0.0,,3.0,60.0,50.0,50.0,0.0,0.0,0.010075435,0.0,4783.0,99.99994548533621,2.0,0.0,2.0,0.00042487462873346573,0.005557390016893134,3733.0,1896.0,0.0,0.0,0.0,2.0,16.37025737762451,32.0,5629.0
2025-08-05 13:49:45,2.0,27066721.0,115.0,3189968639.0,1738.0,0.0,0.0,124389987861.0,691285552.0,51713.0,198.0,1.0,17165459.0,0.0,0.0,-1.0,0.0,0.0,0.0,458816.015388,100.0,134217728.0,4194304.0,4294967296.0,67108864.0,300.0,4194304.0,1073741824.0,83886080.0,4.0,1.0,1.0,0.0,1.0,2.0,33554432.0,7795.0,0.0,0.0,0.0,0.0,,3.0,60.0,50.0,50.0,0.0,0.0,0.010018515,0.0,4784.0,99.9999454853872,1.9333333333333333,0.0,1.9333333333333333,0.000424874173513514,0.005557405092497652,3733.0,1896.0,0.0,0.0,0.0,2.0,16.37025737762451,32.0,5629.0
2025-08-05 13:50:00,2.0,27066748.0,115.0,3189971700.0,1738.0,0.0,0.0,124389992722.0,691287462.0,51713.0,198.0,1.0,17165459.0,0.0,0.0,-1.0,0.0,0.0,0.0,458816.034222,100.0,134217728.0,4194304.0,4294967296.0,67108864.0,300.0,4194304.0,1073741824.0,83886080.0,4.0,1.0,1.0,0.0,1.0,2.0,33554432.0,7795.0,0.0,0.0,0.0,0.0,,3.0,60.0,50.0,50.0,0.0,0.0,0.009640965,0.0,4785.0,99.99994548543951,1.8,0.0,1.8,0.00042487374968891846,0.0055574202302544175,4861.0,1910.0,0.0,0.0,0.0,2.0,16.37025737762451,32.0,6771.0
2025-08-05 13:50:15,2.0,27066776.0,115.0,3189974684.0,1738.0,0.0,0.0,124389996455.0,691289358.0,51713.0,198.0,1.0,17165459.0,0.0,0.0,-1.0,0.0,0.0,0.0,458816.053343,100.0,134217728.0,4194304.0,4294967296.0,67108864.0,300.0,4194304.0,1073741824.0,83886080.0,4.0,1.0,2.0,0.0,1.0,2.0,33554432.0,7795.0,0.0,0.0,0.0,0.0,,3.0,60.0,50.0,50.0,0.0,0.0,0.01023401,0.0,4786.0,99.9999454854905,1.8666666666666667,0.0,1.8666666666666667,0.000424873310168009,0.005557435305856988,3733.0,1896.0,0.0,0.0,0.0,2.0,16.37025737762451,32.0,5629.0
2025-08-05 13:50:30,2.0,27066804.0,115.0,3189977668.0,1738.0,0.0,0.0,124390000188.0,691291254.0,51713.0,198.0,1.0,17165459.0,0.0,0.0,-1.0,0.0,0.0,0.0,458816.072996,100.0,134217728.0,4194304.0,4294967296.0,67108864.0,300.0,4194304.0,1073741824.0,83886080.0,4.0,1.0,1.0,0.0,1.0,2.0,33554432.0,7795.0,0.0,0.0,0.0,0.0,,3.0,60.0,50.0,50.0,0.0,0.0,0.009029442,0.0,4787.0,99.9999454855415,1.8666666666666667,0.0,1.8666666666666667,0.00042487287064800873,0.005557450381458653,3733.0,1896.0,0.0,0.0,0.0,2.0,16.37025737762451,32.0,5629.0
2025-08-05 13:50:45,2.0,27066833.0,115.0,3189980652.0,1738.0,0.0,0.0,124390003921.0,691293150.0,51713.0,198.0,1.0,17165459.0,0.0,0.0,-1.0,0.0,0.0,0.0,458816.09354900004,100.0,134217728.0,4194304.0,4294967296.0,67108864.0,300.0,4194304.0,1073741824.0,83886080.0,4.0,1.0,1.0,0.0,1.0,2.0,33554432.0,7795.0,0.0,0.0,0.0,0.0,,3.0,60.0,50.0,50.0,0.0,0.0,0.008835804,0.0,4788.0,99.99994548559249,1.9333333333333333,0.0,1.9333333333333333,0.00042487241543182427,0.005557465457059414,3733.0,1896.0,0.0,0.0,0.0,2.0,16.37025737762451,32.0,5629.0
2025-08-05 13:51:00,2.0,27066862.0,115.0,3189983713.0,1738.0,0.0,0.0,124390008782.0,691295060.0,51713.0,198.0,1.0,17165459.0,0.0,0.0,-1.0,0.0,0.0,0.0,458816.112268,100.0,134217728.0,4194304.0,4294967296.0,67108864.0,300.0,4194304.0,1073741824.0,83886080.0,4.0,1.0,1.0,0.0,1.0,2.0,33554432.0,7795.0,0.0,0.0,0.0,0.0,,3.0,60.0,50.0,50.0,0.0,0.0,0.010208145,0.0,4789.0,99.9999454856448,1.9333333333333333,0.0,1.9333333333333333,0.00042487196021661526,0.005557480594811866,4861.0,1910.0,0.0,0.0,0.0,2.0,16.37025737762451,32.0,6771.0
2025-08-05 13:51:15,2.0,27066890.0,115.0,3189986697.0,1738.0,0.0,0.0,124390012515.0,691296956.0,51713.0,198.0,1.0,17165459.0,0.0,0.0,-1.0,0.0,0.0,0.0,458816.131319,100.0,134217728.0,4194304.0,4294967296.0,67108864.0,300.0,4194304.0,1073741824.0,83886080.0,4.0,1.0,2.0,0.0,1.0,2.0,33554432.0,7795.0,0.0,0.0,0.0,0.0,,3.0,60.0,50.0,50.0,0.0,0.0,0.009435796,0.0,4790.0,99.99994548569579,1.8666666666666667,0.0,1.8666666666666667,0.00042487152069940797,0.0055574956704106775,3733.0,1896.0,0.0,0.0,0.0,2.0,16.37025737762451,32.0,5629.0
2025-08-05 13:51:30,2.0,27066918.0,115.0,3189989681.0,1738.0,0.0,0.0,124390016248.0,691298852.0,51713.0,198.0,1.0,17165459.0,0.0,0.0,-1.0,0.0,0.0,0.0,458816.15104,100.0,134217728.0,4194304.0,4294967296.0,67108864.0,300.0,4194304.0,1073741824.0,83886080.0,4.0,1.0,1.0,0.0,1.0,2.0,33554432.0,7795.0,0.0,0.0,0.0,0.0,,3.0,60.0,50.0,50.0,0.0,0.0,0.008636961,0.0,4791.0,99.99994548574679,1.8666666666666667,0.0,1.8666666666666667,0.00042487108118311004,0.005557510746008585,3733.0,1896.0,0.0,0.0,0.0,2.0,16.37025737762451,32.0,5629.0
2025-08-05 13:51:45,2.0,27066947.0,115.0,3189992665.0,1738.0,0.0,0.0,124390019981.0,691300748.0,51713.0,198.0,1.0,17165459.0,0.0,0.0,-1.0,0.0,0.0,0.0,458816.17148,100.0,134217728.0,4194304.0,4294967296.0,67108864.0,300.0,4194304.0,1073741824.0,83886080.0,4.0,1.0,1.0,0.0,1.0,2.0,33554432.0,7795.0,0.0,0.0,0.0,0.0,,3.0,60.0,50.0,50.0,0.0,0.0,0.011216235,0.0,4792.0,99.99994548579778,1.9333333333333333,0.0,1.9333333333333333,0.0004248706259707601,0.005557525821605587,3733.0,1896.0,0.0,0.0,0.0,2.0,16.37025737762451,32.0,5629.0
2025-08-05 13:52:00,2.0,27066979.0,115.0,3189995726.0,1738.0,0.0,0.0,124390024842.0,691302658.0,51713.0,198.0,1.0,17165459.0,0.0,0.0,-1.0,0.0,0.0,0.0,458816.192453,100.0,134217728.0,4194304.0,4294967296.0,67108864.0,300.0,4194304.0,1073741824.0,83886080.0,4.0,1.0,1.0,0.0,1.0,2.0,33554432.0,7795.0,0.0,0.0,0.0,0.0,,3.0,60.0,50.0,50.0,0.0,0.0,0.009773843,0.0,4793.0,99.99994548585009,2.1333333333333333,0.0,2.1333333333333333,0.00042487012366860947,0.0055575409593537255,4861.0,1910.0,0.0,0.0,0.0,2.0,16.37025737762451,32.0,6771.0
2025-08-05 13:52:15,2.0,27067007.0,115.0,3189998710.0,1738.0,0.0,0.0,124390028575.0,691304554.0,51713.0,198.0,1.0,17165459.0,0.0,0.0,-1.0,0.0,0.0,0.0,458816.21257800004,100.0,134217728.0,4194304.0,4294967296.0,67108864.0,300.0,4194304.0,1073741824.0,83886080.0,4.0,1.0,1.0,0.0,1.0,2.0,33554432.0,7795.0,0.0,0.0,0.0,0.0,,3.0,60.0,50.0,50.0,0.0,0.0,0.009786806,0.0,4794.0,99.9999454859011,1.8666666666666667,0.0,1.8666666666666667,0.00042486968415520187,0.00555755603494878,3733.0,1896.0,0.0,0.0,0.0,2.0,16.37025737762451,32.0,5629.0
2025-08-05 13:52:30,2.0,27067034.0,115.0,3190001694.0,1738.0,0.0,0.0,124390032308.0,691306450.0,51713.0,198.0,1.0,17165459.0,0.0,0.0,-1.0,0.0,0.0,0.0,458816.23122,100.0,134217728.0,4194304.0,4294967296.0,67108864.0,300.0,4194304.0,1073741824.0,83886080.0,4.0,1.0,1.0,0.0,1.0,2.0,33554432.0,7795.0,0.0,0.0,0.0,0.0,,3.0,60.0,50.0,50.0,0.0,0.0,0.009653705,0.0,4795.0,99.99994548595208,1.8,0.0,1.8,0.00042486926033956287,0.00555757111054293,3733.0,1896.0,0.0,0.0,0.0,2.0,16.37025737762451,32.0,5629.0
2025-08-05 13:52:45,2.0,27067060.0,115.0,3190004678.0,1738.0,0.0,0.0,124390036041.0,691308346.0,51713.0,198.0,1.0,17165459.0,0.0,0.0,-1.0,0.0,0.0,0.0,458816.24997500004,100.0,134217728.0,4194304.0,4294967296.0,67108864.0,300.0,4194304.0,1073741824.0,83886080.0,4.0,1.0,1.0,0.0,1.0,2.0,33554432.0,7795.0,0.0,0.0,0.0,0.0,,3.0,60.0,50.0,50.0,0.0,0.0,0.009563778,0.0,4796.0,99.99994548600307,1.7333333333333334,0.0,1.7333333333333334,0.0004248688522215986,0.005557586186136174,3733.0,1896.0,0.0,0.0,0.0,2.0,16.37025737762451,32.0,5629.0
2025-08-05 13:53:00,2.0,27067090.0,115.0,3190007739.0,1738.0,0.0,0.0,124390040902.0,691310256.0,51713.0,198.0,1.0,17165459.0,0.0,0.0,-1.0,0.0,0.0,0.0,458816.269623,100.0,134217728.0,4194304.0,4294967296.0,67108864.0,300.0,4194304.0,1073741824.0,83886080.0,4.0,1.0,1.0,0.0,1.0,2.0,33554432.0,7795.0,0.0,0.0,0.0,0.0,,3.0,60.0,50.0,50.0,0.0,0.0,0.008974969,0.0,4797.0,99.99994548605538,2.0,0.0,2.0,0.00042486838131722943,0.005557601323879999,4861.0,1910.0,0.0,0.0,0.0,2.0,16.37025737762451,32.0,6771.0
2025-08-05 13:53:15,2.0,27067118.0,115.0,3190010723.0,1738.0,0.0,0.0,124390044635.0,691312152.0,51713.0,198.0,1.0,17165459.0,0.0,0.0,-1.0,0.0,0.0,0.0,458816.288653,100.0,134217728.0,4194304.0,4294967296.0,67108864.0,300.0,4194304.0,1073741824.0,83886080.0,4.0,1.0,1.0,0.0,1.0,2.0,33554432.0,7795.0,0.0,0.0,0.0,0.0,,3.0,60.0,50.0,50.0,0.0,0.0,0.009727611,0.0,4798.0,99.99994548610638,1.8666666666666667,0.0,1.8666666666666667,0.00042486794180742664,0.005557616399471295,3733.0,1896.0,0.0,0.0,0.0,2.0,16.37025737762451,32.0,5629.0
2025-08-05 13:53:30,2.0,27067146.0,115.0,3190013707.0,1738.0,0.0,0.0,124390048368.0,691314048.0,51713.0,198.0,1.0,17165459.0,0.0,0.0,-1.0,0.0,0.0,0.0,458816.307619,100.0,134217728.0,4194304.0,4294967296.0,67108864.0,300.0,4194304.0,1073741824.0,83886080.0,4.0,1.0,2.0,0.000368,1.0,2.0,33554432.0,7795.0,0.0,0.0,0.0,0.0,,3.0,60.0,50.0,50.0,0.0,0.0,0.010886881,0.0,4799.0,99.99994548615737,1.8666666666666667,0.0,1.8666666666666667,0.0004248675022985332,0.0055576314750616865,3733.0,1896.0,0.0,0.0,0.0,2.0,16.37025737762451,32.0,5629.0
2025-08-05 13:53:45,2.0,27067174.0,115.0,3190016691.0,1738.0,0.0,0.0,124390052101.0,691315944.0,51713.0,198.0,1.0,17165459.0,0.0,0.0,-1.0,0.0,0.0,0.0,458816.32809799997,100.0,134217728.0,4194304.0,4294967296.0,67108864.0,300.0,4194304.0,1073741824.0,83886080.0,4.0,1.0,1.0,0.0,1.0,2.0,33554432.0,7795.0,0.0,0.0,0.0,0.0,,3.0,60.0,50.0,50.0,0.0,0.0,0.010251,0.0,4800.0,99.99994548620836,1.8666666666666667,0.0,1.8666666666666667,0.000424867062790549,0.005557646550651173,3733.0,1896.0,0.0,0.0,0.0,2.0,16.37025737762451,32.0,5629.0
2025-08-05 13:54:00,2.0,27067204.0,115.0,3190019752.0,1738.0,0.0,0.0,124390056962.0,691317854.0,51713.0,198.0,1.0,17165459.0,0.0,0.0,-1.0,0.0,0.0,0.0,458816.34812800004,100.0,134217728.0,4194304.0,4294967296.0,67108864.0,300.0,4194304.0,1073741824.0,83886080.0,4.0,1.0,2.0,0.000263,1.0,2.0,33554432.0,7795.0,0.0,0.0,0.0,0.0,,3.0,60.0,50.0,50.0,0.0,0.0,0.011372831,0.0,4801.0,99.99994548626067,2.0,0.0,2.0,0.00042486659189014647,0.005557661688390684,4861.0,1910.0,0.0,0.0,0.0,2.0,16.37025737762451,32.0,6771.0
2025-08-05 13:54:15,2.0,27067235.0,115.0,3190022736.0,1738.0,0.0,0.0,124390060695.0,691319750.0,51713.0,198.0,1.0,17165459.0,0.0,0.0,-1.0,0.0,0.0,0.0,458816.371098,100.0,134217728.0,4194304.0,4294967296.0,67108864.0,300.0,4194304.0,1073741824.0,83886080.0,4.0,1.0,1.0,0.0,1.0,2.0,33554432.0,7795.0,0.0,0.0,0.0,0.0,,3.0,60.0,50.0,50.0,0.0,0.0,0.008925263,0.0,4802.0,99.99994548631167,2.066666666666667,0.0,2.066666666666667,0.0004248661052941604,0.005557676763978223,3733.0,1896.0,0.0,0.0,0.0,2.0,16.37025737762451,32.0,5629.0
2025-08-05 13:54:30,2.0,27067260.0,115.0,3190025720.0,1738.0,0.0,0.0,124390064428.0,691321646.0,51713.0,198.0,1.0,17165459.0,0.0,0.0,-1.0,0.0,0.0,0.0,458816.388668,100.0,134217728.0,4194304.0,4294967296.0,67108864.0,300.0,4194304.0,1073741824.0,83886080.0,4.0,1.0,2.0,0.0,1.0,2.0,33554432.0,7795.0,0.0,0.0,0.0,0.0,,3.0,60.0,50.0,50.0,0.0,0.0,0.010268564,0.0,4803.0,99.99994548636266,1.6666666666666667,0.0,1.6666666666666667,0.0004248657128788546,0.005557691839564856,3733.0,1896.0,0.0,0.0,0.0,2.0,16.37025737762451,32.0,5629.0
2025-08-05 13:54:45,2.0,27067288.0,115.0,3190028704.0,1738.0,0.0,0.0,124390068161.0,691323542.0,51713.0,198.0,1.0,17165459.0,0.0,0.0,-1.0,0.0,0.0,0.0,458816.407734,100.0,134217728.0,4194304.0,4294967296.0,67108864.0,300.0,4194304.0,1073741824.0,83886080.0,4.0,1.0,2.0,0.0,1.0,2.0,33554432.0,7795.0,0.0,0.0,0.0,0.0,,3.0,60.0,50.0,50.0,0.0,0.0,0.010322085,0.0,4804.0,99.99994548641365,1.8666666666666667,0.0,1.8666666666666667,0.0004248652733745726,0.005557706915150585,3733.0,1896.0,0.0,0.0,0.0,2.0,16.37025737762451,32.0,5629.0
2025-08-05 13:55:00,2.0,27067318.0,115.0,3190031765.0,1738.0,0.0,0.0,124390073022.0,691325452.0,51713.0,198.0,1.0,17165459.0,0.0,0.0,-1.0,0.0,0.0,0.0,458816.42699199996,100.0,134217728.0,4194304.0,4294967296.0,67108864.0,300.0,4194304.0,1073741824.0,83886080.0,4.0,1.0,1.0,0.0,1.0,2.0,33554432.0,7795.0,0.0,0.0,0.0,0.0,,3.0,60.0,50.0,50.0,0.0,0.0,0.008343709,0.0,4805.0,99.99994548646596,2.0,0.0,2.0,0.0004248648024781367,0.005557722052885783,4861.0,1910.0,0.0,0.0,0.0,2.0,16.37025737762451,32.0,6771.0
2025-08-05 13:55:15,2.0,27067346.0,115.0,3190034749.0,1738.0,0.0,0.0,124390076755.0,691327348.0,51713.0,198.0,1.0,17165459.0,0.0,0.0,-1.0,0.0,0.0,0.0,458816.447058,100.0,134217728.0,4194304.0,4294967296.0,67108864.0,300.0,4194304.0,1073741824.0,83886080.0,4.0,1.0,2.0,0.0,1.0,2.0,33554432.0,7795.0,0.0,0.0,0.0,0.0,,3.0,60.0,50.0,50.0,0.0,0.0,0.009547645,0.0,4806.0,99.99994548651695,1.8666666666666667,0.0,1.8666666666666667,0.00042486436297573823,0.005557737128469563,3733.0,1896.0,0.0,0.0,0.0,2.0,16.37025737762451,32.0,5629.0
2025-08-05 13:55:30,2.0,27067377.0,115.0,3190037733.0,1738.0,0.0,0.0,124390080488.0,691329244.0,51713.0,198.0,1.0,17165459.0,0.0,0.0,-1.0,0.0,0.0,0.0,458816.46846899996,100.0,134217728.0,4194304.0,4294967296.0,67108864.0,300.0,4194304.0,1073741824.0,83886080.0,4.0,1.0,1.0,0.0,1.0,2.0,33554432.0,7795.0,0.0,0.0,0.0,0.0,,3.0,60.0,50.0,50.0,0.0,0.0,0.009153715,0.0,4807.0,99.99994548656794,2.066666666666667,0.0,2.066666666666667,0.0004248638763848577,0.005557752204052439,3733.0,1896.0,0.0,0.0,0.0,2.0,16.37025737762451,32.0,5629.0
2025-08-05 13:55:45,2.0,27067402.0,115.0,3190040717.0,1738.0,0.0,0.0,124390084221.0,691331140.0,51713.0,198.0,1.0,17165459.0,0.0,0.0,-1.0,0.0,0.0,0.0,458816.48675700004,100.0,134217728.0,4194304.0,4294967296.0,67108864.0,300.0,4194304.0,1073741824.0,83886080.0,4.0,1.0,1.0,0.0,1.0,2.0,33554432.0,7795.0,0.0,0.0,0.0,0.0,,3.0,60.0,50.0,50.0,0.0,0.0,0.009392652,0.0,4808.0,99.99994548661894,1.6666666666666667,0.0,1.6666666666666667,0.00042486348397366907,0.005557767279634409,3733.0,1896.0,0.0,0.0,0.0,2.0,16.37025737762451,32.0,5629.0
2025-08-05 13:56:00,2.0,27067434.0,115.0,3190043778.0,1738.0,0.0,0.0,124390089082.0,691333050.0,51713.0,198.0,1.0,17165459.0,0.0,0.0,-1.0,0.0,0.0,0.0,458816.506839,100.0,134217728.0,4194304.0,4294967296.0,67108864.0,300.0,4194304.0,1073741824.0,83886080.0,4.0,1.0,1.0,0.0,1.0,2.0,33554432.0,7795.0,0.0,0.0,0.0,0.0,,3.0,60.0,50.0,50.0,0.0,0.0,0.010408157,0.0,4809.0,99.99994548667125,2.1333333333333333,0.0,2.1333333333333333,0.0004248629816884055,0.005557782417365294,4861.0,1910.0,0.0,0.0,0.0,2.0,16.37025737762451,32.0,6771.0
2025-08-05 13:56:15,2.0,27067460.0,115.0,3190046762.0,1738.0,0.0,0.0,124390092815.0,691334946.0,51713.0,198.0,1.0,17165459.0,0.0,0.0,-1.0,0.0,0.0,0.0,458816.526092,100.0,134217728.0,4194304.0,4294967296.0,67108864.0,300.0,4194304.0,1073741824.0,83886080.0,4.0,1.0,1.0,0.0,1.0,2.0,33554432.0,7795.0,0.0,0.0,0.0,0.0,,3.0,60.0,50.0,50.0,0.0,0.0,0.010063482,0.0,4810.0,99.99994548672224,1.7333333333333334,0.0,1.7333333333333334,0.0004248625735825033,0.005557797492945316,3733.0,1896.0,0.0,0.0,0.0,2.0,16.37025737762451,32.0,5629.0
2025-08-05 13:56:30,2.0,27067491.0,115.0,3190049746.0,1738.0,0.0,0.0,124390096548.0,691336842.0,51713.0,198.0,1.0,17165459.0,0.0,0.0,-1.0,0.0,0.0,0.0,458816.547771,100.0,134217728.0,4194304.0,4294967296.0,67108864.0,300.0,4194304.0,1073741824.0,83886080.0,4.0,1.0,1.0,0.0,1.0,2.0,33554432.0,7795.0,0.0,0.0,0.0,0.0,,3.0,60.0,50.0,50.0,0.0,0.0,0.009577124,0.0,4811.0,99.99994548677323,2.066666666666667,0.0,2.066666666666667,0.00042486208699572147,0.005557812568524434,3733.0,1896.0,0.0,0.0,0.0,2.0,16.37025737762451,32.0,5629.0
2025-08-05 13:56:45,2.0,27067516.0,115.0,3190052730.0,1738.0,0.0,0.0,124390100281.0,691338738.0,51713.0,198.0,1.0,17165459.0,0.0,0.0,-1.0,0.0,0.0,0.0,458816.565888,100.0,134217728.0,4194304.0,4294967296.0,67108864.0,300.0,4194304.0,1073741824.0,83886080.0,4.0,1.0,1.0,0.0,1.0,2.0,33554432.0,7795.0,0.0,0.0,0.0,0.0,,3.0,60.0,50.0,50.0,0.0,0.0,0.009988876,0.0,4812.0,99.99994548682423,1.6666666666666667,0.0,1.6666666666666667,0.0004248616945878384,0.005557827644102647,3733.0,1896.0,0.0,0.0,0.0,2.0,16.37025737762451,32.0,5629.0
2025-08-05 13:57:00,2.0,27067547.0,115.0,3190055791.0,1738.0,0.0,0.0,124390105142.0,691340648.0,51713.0,198.0,1.0,17165459.0,0.0,0.0,-1.0,0.0,0.0,0.0,458816.585815,100.0,134217728.0,4194304.0,4294967296.0,67108864.0,300.0,4194304.0,1073741824.0,83886080.0,4.0,1.0,1.0,0.0,1.0,2.0,33554432.0,7795.0,0.0,0.0,0.0,0.0,,3.0,60.0,50.0,50.0,0.0,0.0,0.008698619,0.0,4813.0,99.99994548687653,2.066666666666667,0.0,2.066666666666667,0.0004248612080030699,0.005557842781829218,4861.0,1910.0,0.0,0.0,0.0,2.0,16.37025737762451,32.0,6771.0
2025-08-05 13:57:15,2.0,27067576.0,115.0,3190058775.0,1738.0,0.0,0.0,124390108875.0,691342544.0,51713.0,198.0,1.0,17165459.0,0.0,0.0,-1.0,0.0,0.0,0.0,458816.605319,100.0,134217728.0,4194304.0,4294967296.0,67108864.0,300.0,4194304.0,1073741824.0,83886080.0,4.0,1.0,1.0,0.0,1.0,2.0,33554432.0,7795.0,0.0,0.0,0.0,0.0,,3.0,60.0,50.0,50.0,0.0,0.0,0.01132245,0.0,4814.0,99.99994548692752,1.9333333333333333,0.0,1.9333333333333333,0.0004248607528118762,0.005557857857405482,3733.0,1896.0,0.0,0.0,0.0,2.0,16.37025737762451,32.0,5629.0
2025-08-05 13:57:30,2.0,27067602.0,115.0,3190061759.0,1738.0,0.0,0.0,124390112608.0,691344440.0,51713.0,198.0,1.0,17165459.0,0.0,0.0,-1.0,0.0,0.0,0.0,458816.626237,100.0,134217728.0,4194304.0,4294967296.0,67108864.0,300.0,4194304.0,1073741824.0,83886080.0,4.0,1.0,1.0,0.0,1.0,2.0,33554432.0,7795.0,0.0,0.0,0.0,0.0,,3.0,60.0,50.0,50.0,0.0,0.0,0.009124756,0.0,4815.0,99.99994548697852,1.7333333333333334,0.0,1.7333333333333334,0.00042486034471025594,0.005557872932980842,3733.0,1896.0,0.0,0.0,0.0,2.0,16.37025737762451,32.0,5629.0
2025-08-05 13:57:45,2.0,27067633.0,115.0,3190064743.0,1738.0,0.0,0.0,124390116341.0,691346336.0,51713.0,198.0,1.0,17165459.0,0.0,0.0,-1.0,0.0,0.0,0.0,458816.647328,100.0,134217728.0,4194304.0,4294967296.0,67108864.0,300.0,4194304.0,1073741824.0,83886080.0,4.0,1.0,2.0,0.0,1.0,2.0,33554432.0,7795.0,0.0,0.0,0.0,0.0,,3.0,60.0,50.0,50.0,0.0,0.0,0.011996092,0.0,4816.0,99.9999454870295,2.066666666666667,0.0,2.066666666666667,0.0004248598581285795,0.005557888008555297,3733.0,1896.0,0.0,0.0,0.0,2.0,16.37025737762451,32.0,5629.0
2025-08-05 13:58:00,2.0,27067660.0,115.0,3190067804.0,1738.0,0.0,0.0,124390121202.0,691348246.0,51713.0,198.0,1.0,17165459.0,0.0,0.0,-1.0,0.0,0.0,0.0,458816.66574,100.0,134217728.0,4194304.0,4294967296.0,67108864.0,300.0,4194304.0,1073741824.0,83886080.0,4.0,1.0,1.0,0.0,1.0,2.0,33554432.0,7795.0,0.0,0.0,0.0,0.0,,3.0,60.0,50.0,50.0,0.0,0.0,0.009190207,0.0,4817.0,99.99994548708182,1.8,0.0,1.8,0.0004248594343325436,0.005557903146277554,4861.0,1910.0,0.0,0.0,0.0,2.0,16.37025737762451,32.0,6771.0
2025-08-05 13:58:15,2.0,27067688.0,115.0,3190070788.0,1738.0,0.0,0.0,124390124935.0,691350142.0,51713.0,198.0,1.0,17165459.0,0.0,0.0,-1.0,0.0,0.0,0.0,458816.686003,100.0,134217728.0,4194304.0,4294967296.0,67108864.0,300.0,4194304.0,1073741824.0,83886080.0,4.0,1.0,1.0,0.0,1.0,2.0,33554432.0,7795.0,0.0,0.0,0.0,0.0,,3.0,60.0,50.0,50.0,0.0,0.0,0.010110655,0.0,4818.0,99.9999454871328,1.8666666666666667,0.0,1.8666666666666667,0.0004248589948412512,0.00555791822185006,3733.0,1896.0,0.0,0.0,0.0,2.0,16.37025737762451,32.0,5629.0
2025-08-05 13:58:30,2.0,27067716.0,115.0,3190073772.0,1738.0,0.0,0.0,124390128668.0,691352038.0,51713.0,198.0,1.0,17165459.0,0.0,0.0,-1.0,0.0,0.0,0.0,458816.7065,100.0,134217728.0,4194304.0,4294967296.0,67108864.0,300.0,4194304.0,1073741824.0,83886080.0,4.0,1.0,1.0,0.0,1.0,2.0,33554432.0,7795.0,0.0,0.0,0.0,0.0,,3.0,60.0,50.0,50.0,0.0,0.0,0.008958224,0.0,4819.0,99.9999454871838,1.8666666666666667,0.0,1.8666666666666667,0.0004248585553508681,0.005557933297421662,3733.0,1896.0,0.0,0.0,0.0,2.0,16.37025737762451,32.0,5629.0
2025-08-05 13:58:45,2.0,27067744.0,115.0,3190076756.0,1738.0,0.0,0.0,124390132401.0,691353934.0,51713.0,198.0,1.0,17165459.0,0.0,0.0,-1.0,0.0,0.0,0.0,458816.72633,100.0,134217728.0,4194304.0,4294967296.0,67108864.0,300.0,4194304.0,1073741824.0,83886080.0,4.0,1.0,1.0,0.0,1.0,2.0,33554432.0,7795.0,0.0,0.0,0.0,0.0,,3.0,60.0,50.0,50.0,0.0,0.0,0.008951415,0.0,4820.0,99.99994548723478,1.8666666666666667,0.0,1.8666666666666667,0.0004248581158613943,0.005557948372992359,3733.0,1896.0,0.0,0.0,0.0,2.0,16.37025737762451,32.0,5629.0
2025-08-05 13:59:00,2.0,27067776.0,115.0,3190079817.0,1738.0,0.0,0.0,124390137262.0,691355844.0,51713.0,198.0,1.0,17165459.0,0.0,0.0,-1.0,0.0,0.0,0.0,458816.74647500005,100.0,134217728.0,4194304.0,4294967296.0,67108864.0,300.0,4194304.0,1073741824.0,83886080.0,4.0,1.0,1.0,0.0,1.0,2.0,33554432.0,7795.0,0.0,0.0,0.0,0.0,,3.0,60.0,50.0,50.0,0.0,0.0,0.009722272,0.0,4821.0,99.9999454872871,2.1333333333333333,0.0,2.1333333333333333,0.00042485761358882325,0.005557963510710303,4861.0,1910.0,0.0,0.0,0.0,2.0,16.37025737762451,32.0,6771.0
2025-08-05 13:59:15,2.0,27067803.0,115.0,3190082801.0,1738.0,0.0,0.0,124390140995.0,691357740.0,51713.0,198.0,1.0,17165459.0,0.0,0.0,-1.0,0.0,0.0,0.0,458816.765463,100.0,134217728.0,4194304.0,4294967296.0,67108864.0,300.0,4194304.0,1073741824.0,83886080.0,4.0,1.0,1.0,0.0,1.0,2.0,33554432.0,7795.0,0.0,0.0,0.0,0.0,,3.0,60.0,50.0,50.0,0.0,0.0,0.009056009,0.0,4822.0,99.9999454873381,1.8,0.0,1.8,0.00042485718979726515,0.005557978586279052,3733.0,1896.0,0.0,0.0,0.0,2.0,16.37025737762451,32.0,5629.0
2025-08-05 13:59:30,2.0,27067830.0,115.0,3190085785.0,1738.0,0.0,0.0,124390144728.0,691359636.0,51713.0,198.0,1.0,17165459.0,0.0,0.0,-1.0,0.0,0.0,0.0,458816.784956,100.0,134217728.0,4194304.0,4294967296.0,67108864.0,300.0,4194304.0,1073741824.0,83886080.0,4.0,1.0,1.0,0.0,1.0,2.0,33554432.0,7795.0,0.0,0.0,0.0,0.0,,3.0,60.0,50.0,50.0,0.0,0.0,0.009928635,0.0,4823.0,99.99994548738907,1.8,0.0,1.8,0.0004248567660065525,0.005557993661846896,3733.0,1896.0,0.0,0.0,0.0,2.0,16.37025737762451,32.0,5629.0
2025-08-05 13:59:45,2.0,27067858.0,115.0,3190088769.0,1738.0,0.0,0.0,124390148461.0,691361532.0,51713.0,198.0,1.0,17165459.0,0.0,0.0,-1.0,0.0,0.0,0.0,458816.80464999995,100.0,134217728.0,4194304.0,4294967296.0,67108864.0,300.0,4194304.0,1073741824.0,83886080.0,4.0,1.0,1.0,0.0,1.0,2.0,33554432.0,7795.0,0.0,0.0,0.0,0.0,,3.0,60.0,50.0,50.0,0.0,0.0,0.009500924,0.0,4824.0,99.99994548744007,1.8666666666666667,0.0,1.8666666666666667,0.0004248563265207806,0.005558008737413834,3733.0,1896.0,0.0,0.0,0.0,2.0,16.37025737762451,32.0,5629.0
2025-08-05 14:00:00,2.0,27067891.0,115.0,3190091830.0,1738.0,0.0,0.0,124390153322.0,691363442.0,51713.0,198.0,1.0,17165459.0,0.0,0.0,-1.0,0.0,0.0,0.0,458816.82615100004,100.0,134217728.0,4194304.0,4294967296.0,67108864.0,300.0,4194304.0,1073741824.0,83886080.0,4.0,1.0,1.0,0.0,1.0,2.0,33554432.0,7795.0,0.0,0.0,0.0,0.0,,3.0,60.0,50.0,50.0,0.0,0.0,0.008772083,0.0,4825.0,99.99994548749238,2.2,0.0,2.2,0.0004248558085565738,0.005558023875127465,4861.0,1910.0,0.0,0.0,0.0,2.0,16.37025737762451,32.0,6771.0
2025-08-05 14:00:15,2.0,27067919.0,115.0,3190094814.0,1738.0,0.0,0.0,124390157055.0,691365338.0,51713.0,198.0,1.0,17165459.0,0.0,0.0,-1.0,0.0,0.0,0.0,458816.845792,100.0,134217728.0,4194304.0,4294967296.0,67108864.0,300.0,4194304.0,1073741824.0,83886080.0,4.0,1.0,2.0,0.0,1.0,2.0,33554432.0,7795.0,0.0,0.0,0.0,0.0,,3.0,60.0,50.0,50.0,0.0,0.0,0.010062672,0.0,4826.0,99.99994548754336,1.8666666666666667,0.0,1.8666666666666667,0.0004248553690727827,0.005558038950692456,3733.0,1896.0,0.0,0.0,0.0,2.0,16.37025737762451,32.0,5629.0
2025-08-05 14:00:30,2.0,27067944.0,115.0,3190097798.0,1738.0,0.0,0.0,124390160788.0,691367234.0,51713.0,198.0,1.0,17165459.0,0.0,0.0,-1.0,0.0,0.0,0.0,458816.864644,100.0,134217728.0,4194304.0,4294967296.0,67108864.0,300.0,4194304.0,1073741824.0,83886080.0,4.0,1.0,2.0,0.0,1.0,2.0,33554432.0,7795.0,0.0,0.0,0.0,0.0,,3.0,60.0,50.0,50.0,0.0,0.0,0.008886932,0.0,4827.0,99.99994548759436,1.6666666666666667,0.0,1.6666666666666667,0.00042485497667730897,0.005558054026256541,3733.0,1896.0,0.0,0.0,0.0,2.0,16.37025737762451,32.0,5629.0
2025-08-05 14:00:45,2.0,27067972.0,115.0,3190100782.0,1738.0,0.0,0.0,124390164521.0,691369130.0,51713.0,198.0,1.0,17165459.0,0.0,0.0,-1.0,0.0,0.0,0.0,458816.884435,100.0,134217728.0,4194304.0,4294967296.0,67108864.0,300.0,4194304.0,1073741824.0,83886080.0,4.0,1.0,1.0,0.0,1.0,2.0,33554432.0,7795.0,0.0,0.0,0.0,0.0,,3.0,60.0,50.0,50.0,0.0,0.0,0.009504337,0.0,4828.0,99.99994548764535,1.8666666666666667,0.0,1.8666666666666667,0.00042485453719523893,0.0055580691018197225,3733.0,1896.0,0.0,0.0,0.0,2.0,16.37025737762451,32.0,5629.0
2025-08-05 14:01:00,2.0,27068002.0,115.0,3190103843.0,1738.0,0.0,0.0,124390169382.0,691371040.0,51713.0,198.0,1.0,17165459.0,0.0,0.0,-1.0,0.0,0.0,0.0,458816.903881,100.0,134217728.0,4194304.0,4294967296.0,67108864.0,300.0,4194304.0,1073741824.0,83886080.0,4.0,1.0,1.0,0.0,1.0,2.0,33554432.0,7795.0,0.0,0.0,0.0,0.0,,3.0,60.0,50.0,50.0,0.0,0.0,0.010130408,0.0,4829.0,99.99994548769764,2.0,0.0,2.0,0.0004248540663226014,0.005558084239529039,4861.0,1910.0,0.0,0.0,0.0,2.0,16.37025737762451,32.0,6771.0
2025-08-05 14:01:15,2.0,27068032.0,115.0,3190106827.0,1738.0,0.0,0.0,124390173115.0,691372936.0,51713.0,198.0,1.0,17165459.0,0.0,0.0,-1.0,0.0,0.0,0.0,458816.923974,100.0,134217728.0,4194304.0,4294967296.0,67108864.0,300.0,4194304.0,1073741824.0,83886080.0,4.0,1.0,1.0,0.0,1.0,2.0,33554432.0,7795.0,0.0,0.0,0.0,0.0,,3.0,60.0,50.0,50.0,0.0,0.0,0.010308458,0.0,4830.0,99.99994548774865,2.0,0.0,2.0,0.00042485359545100756,0.005558099315090272,3733.0,1896.0,0.0,0.0,0.0,2.0,16.37025737762451,32.0,5629.0
2025-08-05 14:01:30,2.0,27068059.0,115.0,3190109811.0,1738.0,0.0,0.0,124390176848.0,691374832.0,51713.0,198.0,1.0,17165459.0,0.0,0.0,-1.0,0.0,0.0,0.0,458816.942968,100.0,134217728.0,4194304.0,4294967296.0,67108864.0,300.0,4194304.0,1073741824.0,83886080.0,4.0,1.0,1.0,0.0,1.0,2.0,33554432.0,7795.0,0.0,0.0,0.0,0.0,,3.0,60.0,50.0,50.0,0.0,0.0,0.009700447,0.0,4831.0,99.99994548779964,1.8,0.0,1.8,0.0004248531716674656,0.0055581143906506,3733.0,1896.0,0.0,0.0,0.0,2.0,16.37025737762451,32.0,5629.0
2025-08-05 14:01:45,2.0,27068086.0,115.0,3190112795.0,1738.0,0.0,0.0,124390180581.0,691376728.0,51713.0,198.0,1.0,17165459.0,0.0,0.0,-1.0,0.0,0.0,0.0,458816.96203500003,100.0,134217728.0,4194304.0,4294967296.0,67108864.0,300.0,4194304.0,1073741824.0,83886080.0,4.0,1.0,1.0,0.0,1.0,2.0,33554432.0,7795.0,0.0,0.0,0.0,0.0,,3.0,60.0,50.0,50.0,0.0,0.0,0.008935019,0.0,4832.0,99.99994548785062,1.8,0.0,1.8,0.000424852747884769,0.005558129466210023,3733.0,1896.0,0.0,0.0,0.0,2.0,16.37025737762451,32.0,5629.0
2025-08-05 14:02:00,2.0,27068119.0,115.0,3190115856.0,1738.0,0.0,0.0,124390185442.0,691378638.0,51713.0,198.0,1.0,17165459.0,0.0,0.0,-1.0,0.0,0.0,0.0,458816.98384500004,100.0,134217728.0,4194304.0,4294967296.0,67108864.0,300.0,4194304.0,1073741824.0,83886080.0,4.0,1.0,1.0,0.0,1.0,2.0,33554432.0,7795.0,0.0,0.0,0.0,0.0,,3.0,60.0,50.0,50.0,0.0,0.0,0.008935236,0.0,4833.0,99.99994548790293,2.2,0.0,2.2,0.000424852229929288,0.0055581446039150275,4861.0,1910.0,0.0,0.0,0.0,2.0,16.37025737762451,32.0,6771.0
2025-08-05 14:02:15,2.0,27068147.0,115.0,3190118840.0,1738.0,0.0,0.0,124390189175.0,691380534.0,51713.0,198.0,1.0,17165459.0,0.0,0.0,-1.0,0.0,0.0,0.0,458817.004098,100.0,134217728.0,4194304.0,4294967296.0,67108864.0,300.0,4194304.0,1073741824.0,83886080.0,4.0,1.0,1.0,0.0,1.0,2.0,33554432.0,7795.0,0.0,0.0,0.0,0.0,,3.0,60.0,50.0,50.0,0.0,0.0,0.009179719,0.0,4834.0,99.99994548795392,1.8666666666666667,0.0,1.8666666666666667,0.00042485179045290047,0.005558159679472502,3733.0,1896.0,0.0,0.0,0.0,2.0,16.37025737762451,32.0,5629.0
2025-08-05 14:02:30,2.0,27068172.0,115.0,3190121824.0,1738.0,0.0,0.0,124390192908.0,691382430.0,51713.0,198.0,1.0,17165459.0,0.0,0.0,-1.0,0.0,0.0,0.0,458817.022727,100.0,134217728.0,4194304.0,4294967296.0,67108864.0,300.0,4194304.0,1073741824.0,83886080.0,4.0,1.0,2.0,0.000821,1.0,2.0,33554432.0,7795.0,0.0,0.0,0.0,0.0,,3.0,60.0,50.0,50.0,0.0,0.0,0.010512327,0.0,4835.0,99.99994548800491,1.6666666666666667,0.0,1.6666666666666667,0.00042485139806403715,0.005558174755029071,3733.0,1896.0,0.0,0.0,0.0,2.0,16.37025737762451,32.0,5629.0
2025-08-05 14:02:45,2.0,27068201.0,115.0,3190124808.0,1738.0,0.0,0.0,124390196641.0,691384326.0,51713.0,198.0,1.0,17165459.0,0.0,0.0,-1.0,0.0,0.0,0.0,458817.043311,100.0,134217728.0,4194304.0,4294967296.0,67108864.0,300.0,4194304.0,1073741824.0,83886080.0,4.0,1.0,1.0,0.0,1.0,2.0,33554432.0,7795.0,0.0,0.0,0.0,0.0,,3.0,60.0,50.0,50.0,0.0,0.0,0.009719357,0.0,4836.0,99.9999454880559,1.9333333333333333,0.0,1.9333333333333333,0.0004248509428938637,0.005558189830584736,3733.0,1896.0,0.0,0.0,0.0,2.0,16.37025737762451,32.0,5629.0
2025-08-05 14:03:00,2.0,27068232.0,115.0,3190127869.0,1738.0,0.0,0.0,124390201502.0,691386236.0,51713.0,198.0,1.0,17165459.0,0.0,0.0,-1.0,0.0,0.0,0.0,458817.06281800003,100.0,134217728.0,4194304.0,4294967296.0,67108864.0,300.0,4194304.0,1073741824.0,83886080.0,4.0,1.0,2.0,0.0,1.0,2.0,33554432.0,7795.0,0.0,0.0,0.0,0.0,,3.0,60.0,50.0,50.0,0.0,0.0,0.011680114,0.0,4837.0,99.99994548810821,2.066666666666667,0.0,2.066666666666667,0.00042485045633372233,0.005558204968285427,4861.0,1910.0,0.0,0.0,0.0,2.0,16.37025737762451,32.0,6771.0
2025-08-05 14:03:15,2.0,27068258.0,115.0,3190130853.0,1738.0,0.0,0.0,124390205235.0,691388132.0,51713.0,198.0,1.0,17165459.0,0.0,0.0,-1.0,0.0,0.0,0.0,458817.08237,100.0,134217728.0,4194304.0,4294967296.0,67108864.0,300.0,4194304.0,1073741824.0,83886080.0,4.0,1.0,2.0,0.0,1.0,2.0,33554432.0,7795.0,0.0,0.0,0.0,0.0,,3.0,60.0,50.0,50.0,0.0,0.0,0.010048105,0.0,4838.0,99.9999454881592,1.7333333333333334,0.0,1.7333333333333334,0.00042485004825188247,0.005558220043839143,3733.0,1896.0,0.0,0.0,0.0,2.0,16.37025737762451,32.0,5629.0
2025-08-05 14:03:30,2.0,27068286.0,115.0,3190133837.0,1738.0,0.0,0.0,124390208968.0,691390028.0,51713.0,198.0,1.0,17165459.0,0.0,0.0,-1.0,0.0,0.0,0.0,458817.10248500004,100.0,134217728.0,4194304.0,4294967296.0,67108864.0,300.0,4194304.0,1073741824.0,83886080.0,4.0,1.0,1.0,0.0,1.0,2.0,33554432.0,7795.0,0.0,0.0,0.0,0.0,,3.0,60.0,50.0,50.0,0.0,0.0,0.008998651,0.0,4839.0,99.99994548821019,1.8666666666666667,0.0,1.8666666666666667,0.00042484960878000854,0.0055582351193919554,3733.0,1896.0,0.0,0.0,0.0,2.0,16.37025737762451,32.0,5629.0
2025-08-05 14:03:45,2.0,27068315.0,115.0,3190136821.0,1738.0,0.0,0.0,124390212701.0,691391924.0,51713.0,198.0,1.0,17165459.0,0.0,0.0,-1.0,0.0,0.0,0.0,458817.12145,100.0,134217728.0,4194304.0,4294967296.0,67108864.0,300.0,4194304.0,1073741824.0,83886080.0,4.0,1.0,1.0,0.0,1.0,2.0,33554432.0,7795.0,0.0,0.0,0.0,0.0,,3.0,60.0,50.0,50.0,0.0,0.0,0.009087084,0.0,4840.0,99.99994548826118,1.9333333333333333,0.0,1.9333333333333333,0.00042484915361366897,0.005558250194943862,3733.0,1896.0,0.0,0.0,0.0,2.0,16.37025737762451,32.0,5629.0
2025-08-05 14:04:00,2.0,27068344.0,115.0,3190139882.0,1738.0,0.0,0.0,124390217562.0,691393834.0,51713.0,198.0,1.0,17165459.0,0.0,0.0,-1.0,0.0,0.0,0.0,458817.141107,100.0,134217728.0,4194304.0,4294967296.0,67108864.0,300.0,4194304.0,1073741824.0,83886080.0,4.0,1.0,2.0,0.001457,1.0,2.0,33554432.0,7795.0,0.0,0.0,0.0,0.0,,3.0,60.0,50.0,50.0,0.0,0.0,0.011296944,0.0,4841.0,99.99994548831349,1.9333333333333333,0.0,1.9333333333333333,0.0004248486984483048,0.00555826533264024,4861.0,1910.0,0.0,0.0,0.0,2.0,16.37025737762451,32.0,6771.0
2025-08-05 14:04:15,2.0,27068372.0,115.0,3190142866.0,1738.0,0.0,0.0,124390221295.0,691395730.0,51713.0,198.0,1.0,17165459.0,0.0,0.0,-1.0,0.0,0.0,0.0,458817.161313,100.0,134217728.0,4194304.0,4294967296.0,67108864.0,300.0,4194304.0,1073741824.0,83886080.0,4.0,1.0,1.0,0.0,1.0,2.0,33554432.0,7795.0,0.0,0.0,0.0,0.0,,3.0,60.0,50.0,50.0,0.0,0.0,0.010211788,0.0,4842.0,99.99994548836447,1.8666666666666667,0.0,1.8666666666666667,0.00042484825897922334,0.005558280408190198,3733.0,1896.0,0.0,0.0,0.0,2.0,16.37025737762451,32.0,5629.0
2025-08-05 14:04:30,2.0,27068403.0,115.0,3190145850.0,1738.0,0.0,0.0,124390225028.0,691397626.0,51713.0,198.0,1.0,17165459.0,0.0,0.0,-1.0,0.0,0.0,0.0,458817.181973,100.0,134217728.0,4194304.0,4294967296.0,67108864.0,300.0,4194304.0,1073741824.0,83886080.0,4.0,1.0,1.0,0.0,1.0,2.0,33554432.0,7795.0,0.0,0.0,0.0,0.0,,3.0,60.0,50.0,50.0,0.0,0.0,0.008828084,0.0,4843.0,99.99994548841545,2.066666666666667,0.0,2.066666666666667,0.00042484777242522947,0.005558295483739252,3733.0,1896.0,0.0,0.0,0.0,2.0,16.37025737762451,32.0,5629.0
2025-08-05 14:04:45,2.0,27068431.0,115.0,3190148834.0,1738.0,0.0,0.0,124390228761.0,691399522.0,51713.0,198.0,1.0,17165459.0,0.0,0.0,-1.0,0.0,0.0,0.0,458817.201213,100.0,134217728.0,4194304.0,4294967296.0,67108864.0,300.0,4194304.0,1073741824.0,83886080.0,4.0,1.0,1.0,0.0,1.0,2.0,33554432.0,7795.0,0.0,0.0,0.0,0.0,,3.0,60.0,50.0,50.0,0.0,0.0,0.010399177,0.0,4844.0,99.99994548846645,1.8666666666666667,0.0,1.8666666666666667,0.00042484733295806385,0.0055583105592874014,3733.0,1896.0,0.0,0.0,0.0,2.0,16.37025737762451,32.0,5629.0
2025-08-05 14:05:00,2.0,27068458.0,115.0,3190151895.0,1738.0,0.0,0.0,124390233622.0,691401432.0,51713.0,198.0,1.0,17165459.0,0.0,0.0,-1.0,0.0,0.0,0.0,458817.218533,100.0,134217728.0,4194304.0,4294967296.0,67108864.0,300.0,4194304.0,1073741824.0,83886080.0,4.0,1.0,2.0,0.0,1.0,2.0,33554432.0,7795.0,0.0,0.0,0.0,0.0,,3.0,60.0,50.0,50.0,0.0,0.0,0.008839024,0.0,4845.0,99.99994548851875,1.8,0.0,1.8,0.00042484690918701516,0.005558325696979466,4861.0,1910.0,0.0,0.0,0.0,2.0,16.37025737762451,32.0,6771.0
2025-08-05 14:05:15,2.0,27068486.0,115.0,3190154879.0,1738.0,0.0,0.0,124390237355.0,691403328.0,51713.0,198.0,1.0,17165459.0,0.0,0.0,-1.0,0.0,0.0,0.0,458817.238541,100.0,134217728.0,4194304.0,4294967296.0,67108864.0,300.0,4194304.0,1073741824.0,83886080.0,4.0,1.0,2.0,0.0,1.0,2.0,33554432.0,7795.0,0.0,0.0,0.0,0.0,,3.0,60.0,50.0,50.0,0.0,0.0,0.009203317,0.0,4846.0,99.99994548856974,1.8666666666666667,0.0,1.8666666666666667,0.00042484646972163544,0.005558340772525666,3733.0,1896.0,0.0,0.0,0.0,2.0,16.37025737762451,32.0,5629.0
2025-08-05 14:05:30,2.0,27068516.0,115.0,3190157863.0,1738.0,0.0,0.0,124390241088.0,691405224.0,51713.0,198.0,1.0,17165459.0,0.0,0.0,-1.0,0.0,0.0,0.0,458817.258573,100.0,134217728.0,4194304.0,4294967296.0,67108864.0,300.0,4194304.0,1073741824.0,83886080.0,4.0,1.0,2.0,0.0,1.0,2.0,33554432.0,7795.0,0.0,0.0,0.0,0.0,,3.0,60.0,50.0,50.0,0.0,0.0,0.011295665,0.0,4847.0,99.99994548862074,2.0,0.0,2.0,0.0004248459988668803,0.005558355848070962,3733.0,1896.0,0.0,0.0,0.0,2.0,16.37025737762451,32.0,5629.0
2025-08-05 14:05:45,2.0,27068542.0,115.0,3190160847.0,1738.0,0.0,0.0,124390244821.0,691407120.0,51713.0,198.0,1.0,17165459.0,0.0,0.0,-1.0,0.0,0.0,0.0,458817.277763,100.0,134217728.0,4194304.0,4294967296.0,67108864.0,300.0,4194304.0,1073741824.0,83886080.0,4.0,1.0,1.0,0.0,1.0,2.0,33554432.0,7795.0,0.0,0.0,0.0,0.0,,3.0,60.0,50.0,50.0,0.0,0.0,0.008506645,0.0,4848.0,99.99994548867171,1.7333333333333334,0.0,1.7333333333333334,0.00042484559079360347,0.005558370923615353,3733.0,1896.0,0.0,0.0,0.0,2.0,16.37025737762451,32.0,5629.0
2025-08-05 14:06:00,2.0,27068575.0,115.0,3190163908.0,1738.0,0.0,0.0,124390249682.0,691409030.0,51713.0,198.0,1.0,17165459.0,0.0,0.0,-1.0,0.0,0.0,0.0,458817.29923299997,100.0,134217728.0,4194304.0,4294967296.0,67108864.0,300.0,4194304.0,1073741824.0,83886080.0,4.0,1.0,1.0,0.0,1.0,2.0,33554432.0,7795.0,0.0,0.0,0.0,0.0,,3.0,60.0,50.0,50.0,0.0,0.0,0.008895053,0.0,4849.0,99.99994548872402,2.2,0.0,2.2,0.0004248450728555732,0.0055583860613031034,4861.0,1910.0,0.0,0.0,0.0,2.0,16.37025737762451,32.0,6771.0
2025-08-05 14:06:15,2.0,27068600.0,115.0,3190166892.0,1738.0,0.0,0.0,124390253415.0,691410926.0,51713.0,198.0,1.0,17165459.0,0.0,0.0,-1.0,0.0,0.0,0.0,458817.3172,100.0,134217728.0,4194304.0,4294967296.0,67108864.0,300.0,4194304.0,1073741824.0,83886080.0,4.0,1.0,1.0,0.0,1.0,2.0,33554432.0,7795.0,0.0,0.0,0.0,0.0,,3.0,60.0,50.0,50.0,0.0,0.0,0.008872514,0.0,4850.0,99.99994548877501,1.6666666666666667,0.0,1.6666666666666667,0.0004248446804791184,0.005558401136845546,3733.0,1896.0,0.0,0.0,0.0,2.0,16.37025737762451,32.0,5629.0
2025-08-05 14:06:30,2.0,27068628.0,115.0,3190169876.0,1738.0,0.0,0.0,124390257148.0,691412822.0,51713.0,198.0,1.0,17165459.0,0.0,0.0,-1.0,0.0,0.0,0.0,458817.336351,100.0,134217728.0,4194304.0,4294967296.0,67108864.0,300.0,4194304.0,1073741824.0,83886080.0,4.0,1.0,1.0,0.0,1.0,2.0,33554432.0,7795.0,0.0,0.0,0.0,0.0,,3.0,60.0,50.0,50.0,0.0,0.0,0.009096107,0.0,4851.0,99.999945488826,1.8666666666666667,0.0,1.8666666666666667,0.00042484424101834944,0.0055584162123870845,3733.0,1896.0,0.0,0.0,0.0,2.0,16.37025737762451,32.0,5629.0
2025-08-05 14:06:45,2.0,27068657.0,115.0,3190172860.0,1738.0,0.0,0.0,124390260881.0,691414718.0,51713.0,198.0,1.0,17165459.0,0.0,0.0,-1.0,0.0,0.0,0.0,458817.35630800005,100.0,134217728.0,4194304.0,4294967296.0,67108864.0,300.0,4194304.0,1073741824.0,83886080.0,4.0,1.0,1.0,0.0,1.0,2.0,33554432.0,7795.0,0.0,0.0,0.0,0.0,,3.0,60.0,50.0,50.0,0.0,0.0,0.009389022,0.0,4852.0,99.99994548887699,1.9333333333333333,0.0,1.9333333333333333,0.0004248437858635114,0.005558431287927717,3733.0,1896.0,0.0,0.0,0.0,2.0,16.37025737762451,32.0,5629.0
2025-08-05 14:07:00,2.0,27068686.0,115.0,3190175921.0,1738.0,0.0,0.0,124390265742.0,691416628.0,51713.0,198.0,1.0,17165459.0,0.0,0.0,-1.0,0.0,0.0,0.0,458817.375467,100.0,134217728.0,4194304.0,4294967296.0,67108864.0,300.0,4194304.0,1073741824.0,83886080.0,4.0,1.0,2.0,0.0,1.0,2.0,33554432.0,7795.0,0.0,0.0,0.0,0.0,,3.0,60.0,50.0,50.0,0.0,0.0,0.008961798,0.0,4853.0,99.99994548892928,1.9333333333333333,0.0,1.9333333333333333,0.0004248433307096487,0.005558446425611155,4861.0,1910.0,0.0,0.0,0.0,2.0,16.37025737762451,32.0,6771.0
2025-08-05 14:07:15,2.0,27068714.0,115.0,3190178905.0,1738.0,0.0,0.0,124390269475.0,691418524.0,51713.0,198.0,1.0,17165459.0,0.0,0.0,-1.0,0.0,0.0,0.0,458817.395171,100.0,134217728.0,4194304.0,4294967296.0,67108864.0,300.0,4194304.0,1073741824.0,83886080.0,4.0,1.0,1.0,0.0,1.0,2.0,33554432.0,7795.0,0.0,0.0,0.0,0.0,,3.0,60.0,50.0,50.0,0.0,0.0,0.008676133,0.0,4854.0,99.99994548898027,1.8666666666666667,0.0,1.8666666666666667,0.0004248428912516721,0.005558461501149839,3733.0,1896.0,0.0,0.0,0.0,2.0,16.37025737762451,32.0,5629.0
2025-08-05 14:07:30,2.0,27068742.0,115.0,3190181889.0,1738.0,0.0,0.0,124390273208.0,691420420.0,51713.0,198.0,1.0,17165459.0,0.0,0.0,-1.0,0.0,0.0,0.0,458817.41567,100.0,134217728.0,4194304.0,4294967296.0,67108864.0,300.0,4194304.0,1073741824.0,83886080.0,4.0,1.0,2.0,0.0,1.0,2.0,33554432.0,7795.0,0.0,0.0,0.0,0.0,,3.0,60.0,50.0,50.0,0.0,0.0,0.0090299,0.0,4855.0,99.99994548903126,1.8666666666666667,0.0,1.8666666666666667,0.00042484245179460475,0.005558476576687619,3733.0,1896.0,0.0,0.0,0.0,2.0,16.37025737762451,32.0,5629.0
2025-08-05 14:07:45,2.0,27068770.0,115.0,3190184873.0,1738.0,0.0,0.0,124390276941.0,691422316.0,51713.0,198.0,1.0,17165459.0,0.0,0.0,-1.0,0.0,0.0,0.0,458817.43616399996,100.0,134217728.0,4194304.0,4294967296.0,67108864.0,300.0,4194304.0,1073741824.0,83886080.0,4.0,1.0,2.0,0.0,1.0,2.0,33554432.0,7795.0,0.0,0.0,0.0,0.0,,3.0,60.0,50.0,50.0,0.0,0.0,0.009012943,0.0,4856.0,99.99994548908225,1.8666666666666667,0.0,1.8666666666666667,0.00042484201233844644,0.0055584916522244945,3733.0,1896.0,0.0,0.0,0.0,2.0,16.37025737762451,32.0,5629.0
2025-08-05 14:08:00,2.0,27068800.0,115.0,3190187934.0,1738.0,0.0,0.0,124390281802.0,691424226.0,51713.0,198.0,1.0,17165459.0,0.0,0.0,-1.0,0.0,0.0,0.0,458817.456081,100.0,134217728.0,4194304.0,4294967296.0,67108864.0,300.0,4194304.0,1073741824.0,83886080.0,4.0,1.0,2.0,0.0,1.0,2.0,33554432.0,7795.0,0.0,0.0,0.0,0.0,,3.0,60.0,50.0,50.0,0.0,0.0,0.009065013,0.0,4857.0,99.99994548913456,2.0,0.0,2.0,0.00042484154149357147,0.005558506789903619,4861.0,1910.0,0.0,0.0,0.0,2.0,16.37025737762451,32.0,6771.0
2025-08-05 14:08:15,2.0,27068828.0,115.0,3190190918.0,1738.0,0.0,0.0,124390285535.0,691426122.0,51713.0,198.0,1.0,17165459.0,0.0,0.0,-1.0,0.0,0.0,0.0,458817.47538300004,100.0,134217728.0,4194304.0,4294967296.0,67108864.0,300.0,4194304.0,1073741824.0,83886080.0,4.0,1.0,2.0,0.0,1.0,2.0,33554432.0,7795.0,0.0,0.0,0.0,0.0,,3.0,60.0,50.0,50.0,0.0,0.0,0.011745617,0.0,4858.0,99.99994548918555,1.8666666666666667,0.0,1.8666666666666667,0.00042484110203929636,0.005558521865438545,3733.0,1896.0,0.0,0.0,0.0,2.0,16.37025737762451,32.0,5629.0
2025-08-05 14:08:30,2.0,27068856.0,115.0,3190193902.0,1738.0,0.0,0.0,124390289268.0,691428018.0,51713.0,198.0,1.0,17165459.0,0.0,0.0,-1.0,0.0,0.0,0.0,458817.49582999997,100.0,134217728.0,4194304.0,4294967296.0,67108864.0,300.0,4194304.0,1073741824.0,83886080.0,4.0,1.0,1.0,0.0,1.0,2.0,33554432.0,7795.0,0.0,0.0,0.0,0.0,,3.0,60.0,50.0,50.0,0.0,0.0,0.010310295,0.0,4859.0,99.99994548923652,1.8666666666666667,0.0,1.8666666666666667,0.0004248406625859305,0.005558536940972567,3733.0,1896.0,0.0,0.0,0.0,2.0,16.37025737762451,32.0,5629.0
2025-08-05 14:08:45,2.0,27068880.0,115.0,3190196886.0,1738.0,0.0,0.0,124390293001.0,691429914.0,51713.0,198.0,1.0,17165459.0,0.0,0.0,-1.0,0.0,0.0,0.0,458817.512959,100.0,134217728.0,4194304.0,4294967296.0,67108864.0,300.0,4194304.0,1073741824.0,83886080.0,4.0,1.0,2.0,0.0,1.0,2.0,33554432.0,7795.0,0.0,0.0,0.0,0.0,,3.0,60.0,50.0,50.0,0.0,0.0,0.011495073,0.0,4860.0,99.99994548928753,1.6,0.0,1.6,0.00042484028591234047,0.005558552016505684,3733.0,1896.0,0.0,0.0,0.0,2.0,16.37025737762451,32.0,5629.0
2025-08-05 14:09:00,2.0,27068917.0,115.0,3190199947.0,1738.0,0.0,0.0,124390297862.0,691431824.0,51713.0,198.0,1.0,17165459.0,0.0,0.0,-1.0,0.0,0.0,0.0,458817.53592299996,100.0,134217728.0,4194304.0,4294967296.0,67108864.0,300.0,4194304.0,1073741824.0,83886080.0,4.0,1.0,2.0,0.0,1.0,2.0,33554432.0,7795.0,0.0,0.0,0.0,0.0,,3.0,60.0,50.0,50.0,0.0,0.0,0.010890321,0.0,4861.0,99.99994548933982,2.466666666666667,0.0,2.466666666666667,0.0004248397052085311,0.005558567154180495,4861.0,1910.0,0.0,0.0,0.0,2.0,16.37025737762451,32.0,6771.0
2025-08-05 14:09:15,2.0,27068944.0,115.0,3190202931.0,1738.0,0.0,0.0,124390301595.0,691433720.0,51713.0,198.0,1.0,17165459.0,0.0,0.0,-1.0,0.0,0.0,0.0,458817.554652,100.0,134217728.0,4194304.0,4294967296.0,67108864.0,300.0,4194304.0,1073741824.0,83886080.0,4.0,1.0,1.0,0.0,1.0,2.0,33554432.0,7795.0,0.0,0.0,0.0,0.0,,3.0,60.0,50.0,50.0,0.0,0.0,0.01026932,0.0,4862.0,99.99994548939081,1.8,0.0,1.8,0.00042483928145269914,0.005558582229711664,3733.0,1896.0,0.0,0.0,0.0,2.0,16.37025737762451,32.0,5629.0
2025-08-05 14:09:30,2.0,27068970.0,115.0,3190205915.0,1738.0,0.0,0.0,124390305328.0,691435616.0,51713.0,198.0,1.0,17165459.0,0.0,0.0,-1.0,0.0,0.0,0.0,458817.573103,100.0,134217728.0,4194304.0,4294967296.0,67108864.0,300.0,4194304.0,1073741824.0,83886080.0,4.0,1.0,2.0,0.0,1.0,2.0,33554432.0,7795.0,0.0,0.0,0.0,0.0,,3.0,60.0,50.0,50.0,0.0,0.0,0.009181866,0.0,4863.0,99.9999454894418,1.7333333333333334,0.0,1.7333333333333334,0.00042483887339232653,0.005558597305241927,3733.0,1896.0,0.0,0.0,0.0,2.0,16.37025737762451,32.0,5629.0
2025-08-05 14:09:45,2.0,27068998.0,115.0,3190208899.0,1738.0,0.0,0.0,124390309061.0,691437512.0,51713.0,198.0,1.0,17165459.0,0.0,0.0,-1.0,0.0,0.0,0.0,458817.592884,100.0,134217728.0,4194304.0,4294967296.0,67108864.0,300.0,4194304.0,1073741824.0,83886080.0,4.0,1.0,2.0,0.0,1.0,2.0,33554432.0,7795.0,0.0,0.0,0.0,0.0,,3.0,60.0,50.0,50.0,0.0,0.0,0.010298649,0.0,4864.0,99.99994548949277,1.8666666666666667,0.0,1.8666666666666667,0.00042483843394357126,0.005558612380771287,3733.0,1896.0,0.0,0.0,0.0,2.0,16.37025737762451,32.0,5629.0
2025-08-05 14:10:00,2.0,27069031.0,115.0,3190211960.0,1738.0,0.0,0.0,124390313922.0,691439422.0,51713.0,198.0,1.0,17165459.0,0.0,0.0,-1.0,0.0,0.0,0.0,458817.614571,100.0,134217728.0,4194304.0,4294967296.0,67108864.0,300.0,4194304.0,1073741824.0,83886080.0,4.0,1.0,1.0,0.0,1.0,2.0,33554432.0,7795.0,0.0,0.0,0.0,0.0,,3.0,60.0,50.0,50.0,0.0,0.0,0.009441281,0.0,4865.0,99.99994548954508,2.2,0.0,2.2,0.0004248379160229911,0.005558627518441784,4861.0,1910.0,0.0,0.0,0.0,2.0,16.37025737762451,32.0,6771.0
2025-08-05 14:10:15,2.0,27069057.0,115.0,3190214944.0,1738.0,0.0,0.0,124390317655.0,691441318.0,51713.0,198.0,1.0,17165459.0,0.0,0.0,-1.0,0.0,0.0,0.0,458817.63201099995,100.0,134217728.0,4194304.0,4294967296.0,67108864.0,300.0,4194304.0,1073741824.0,83886080.0,4.0,1.0,1.0,0.0,1.0,2.0,33554432.0,7795.0,0.0,0.0,0.0,0.0,,3.0,60.0,50.0,50.0,0.0,0.0,0.008524871,0.0,4866.0,99.99994548959607,1.7333333333333334,0.0,1.7333333333333334,0.0004248375079652415,0.005558642593969195,3733.0,1896.0,0.0,0.0,0.0,2.0,16.37025737762451,32.0,5629.0
2025-08-05 14:10:30,2.0,27069087.0,115.0,3190217928.0,1738.0,0.0,0.0,124390321388.0,691443214.0,51713.0,198.0,1.0,17165459.0,0.0,0.0,-1.0,0.0,0.0,0.0,458817.652893,100.0,134217728.0,4194304.0,4294967296.0,67108864.0,300.0,4194304.0,1073741824.0,83886080.0,4.0,1.0,1.0,0.0,1.0,2.0,33554432.0,7795.0,0.0,0.0,0.0,0.0,,3.0,60.0,50.0,50.0,0.0,0.0,0.010024823,0.0,4867.0,99.99994548964706,2.0,0.0,2.0,0.0004248370371303507,0.005558657669495701,3733.0,1896.0,0.0,0.0,0.0,2.0,16.37025737762451,32.0,5629.0
2025-08-05 14:10:45,2.0,27069112.0,115.0,3190220912.0,1738.0,0.0,0.0,124390325121.0,691445110.0,51713.0,198.0,1.0,17165459.0,0.0,0.0,-1.0,0.0,0.0,0.0,458817.670759,100.0,134217728.0,4194304.0,4294967296.0,67108864.0,300.0,4194304.0,1073741824.0,83886080.0,4.0,1.0,1.0,0.0,1.0,2.0,33554432.0,7795.0,0.0,0.0,0.0,0.0,,3.0,60.0,50.0,50.0,0.0,0.0,0.008444093,0.0,4868.0,99.99994548969805,1.6666666666666667,0.0,1.6666666666666667,0.0004248366447687389,0.005558672745021302,3733.0,1896.0,0.0,0.0,0.0,2.0,16.37025737762451,32.0,5629.0
2025-08-05 14:11:00,2.0,27069145.0,115.0,3190223973.0,1738.0,0.0,0.0,124390329982.0,691447020.0,51713.0,198.0,1.0,17165459.0,0.0,0.0,-1.0,0.0,0.0,0.0,458817.691581,100.0,134217728.0,4194304.0,4294967296.0,67108864.0,300.0,4194304.0,1073741824.0,83886080.0,4.0,1.0,2.0,0.001325,1.0,2.0,33554432.0,7795.0,0.0,0.0,0.0,0.0,,3.0,60.0,50.0,50.0,0.0,0.0,0.011650625,0.0,4869.0,99.99994548975036,2.2,0.0,2.2,0.000424836126852521,0.005558687882687486,4861.0,1910.0,0.0,0.0,0.0,2.0,16.37025737762451,32.0,6771.0
2025-08-05 14:11:15,2.0,27069170.0,115.0,3190226957.0,1738.0,0.0,0.0,124390333715.0,691448916.0,51713.0,198.0,1.0,17165459.0,0.0,0.0,-1.0,0.0,0.0,0.0,458817.71089,100.0,134217728.0,4194304.0,4294967296.0,67108864.0,300.0,4194304.0,1073741824.0,83886080.0,4.0,1.0,2.0,0.0,1.0,2.0,33554432.0,7795.0,0.0,0.0,0.0,0.0,,3.0,60.0,50.0,50.0,0.0,0.0,0.01042537,0.0,4870.0,99.99994548980133,1.6666666666666667,0.0,1.6666666666666667,0.00042483573449259064,0.005558702958211139,3733.0,1896.0,0.0,0.0,0.0,2.0,16.37025737762451,32.0,5629.0
2025-08-05 14:11:30,2.0,27069201.0,115.0,3190229941.0,1738.0,0.0,0.0,124390337448.0,691450812.0,51713.0,198.0,1.0,17165459.0,0.0,0.0,-1.0,0.0,0.0,0.0,458817.732611,100.0,134217728.0,4194304.0,4294967296.0,67108864.0,300.0,4194304.0,1073741824.0,83886080.0,4.0,1.0,2.0,0.0,1.0,2.0,33554432.0,7795.0,0.0,0.0,0.0,0.0,,3.0,60.0,50.0,50.0,0.0,0.0,0.009672042,0.0,4871.0,99.99994548985232,2.066666666666667,0.0,2.066666666666667,0.00042483524796728335,0.005558718033733887,3733.0,1896.0,0.0,0.0,0.0,2.0,16.37025737762451,32.0,5629.0
2025-08-05 14:11:45,2.0,27069226.0,115.0,3190232925.0,1738.0,0.0,0.0,124390341181.0,691452708.0,51713.0,198.0,1.0,17165459.0,0.0,0.0,-1.0,0.0,0.0,0.0,458817.75075,100.0,134217728.0,4194304.0,4294967296.0,67108864.0,300.0,4194304.0,1073741824.0,83886080.0,4.0,1.0,2.0,0.0,1.0,2.0,33554432.0,7795.0,0.0,0.0,0.0,0.0,,3.0,60.0,50.0,50.0,0.0,0.0,0.010315259,0.0,4872.0,99.99994548990331,1.6666666666666667,0.0,1.6666666666666667,0.0004248348556089764,0.005558733109255731,3733.0,1896.0,0.0,0.0,0.0,2.0,16.37025737762451,32.0,5629.0
2025-08-05 14:12:00,2.0,27069259.0,115.0,3190235986.0,1738.0,0.0,0.0,124390346042.0,691454618.0,51713.0,198.0,1.0,17165459.0,0.0,0.0,-1.0,0.0,0.0,0.0,458817.773293,100.0,134217728.0,4194304.0,4294967296.0,67108864.0,300.0,4194304.0,1073741824.0,83886080.0,4.0,1.0,2.0,0.0,1.0,2.0,33554432.0,7795.0,0.0,0.0,0.0,0.0,,3.0,60.0,50.0,50.0,0.0,0.0,0.009373393,0.0,4873.0,99.9999454899556,2.2,0.0,2.2,0.00042483433769712083,0.0055587482469176015,4861.0,1910.0,0.0,0.0,0.0,2.0,16.37025737762451,32.0,6771.0
2025-08-05 14:12:15,2.0,27069284.0,115.0,3190238970.0,1738.0,0.0,0.0,124390349775.0,691456514.0,51713.0,198.0,1.0,17165459.0,0.0,0.0,-1.0,0.0,0.0,0.0,458817.79120499996,100.0,134217728.0,4194304.0,4294967296.0,67108864.0,300.0,4194304.0,1073741824.0,83886080.0,4.0,1.0,1.0,0.0,1.0,2.0,33554432.0,7795.0,0.0,0.0,0.0,0.0,,3.0,60.0,50.0,50.0,0.0,0.0,0.008538196,0.0,4874.0,99.9999454900066,1.6666666666666667,0.0,1.6666666666666667,0.0004248339453404952,0.005558763322437496,3733.0,1896.0,0.0,0.0,0.0,2.0,16.37025737762451,32.0,5629.0
2025-08-05 14:12:30,2.0,27069312.0,115.0,3190241954.0,1738.0,0.0,0.0,124390353508.0,691458410.0,51713.0,198.0,1.0,17165459.0,0.0,0.0,-1.0,0.0,0.0,0.0,458817.811223,100.0,134217728.0,4194304.0,4294967296.0,67108864.0,300.0,4194304.0,1073741824.0,83886080.0,4.0,1.0,2.0,0.0,1.0,2.0,33554432.0,7795.0,0.0,0.0,0.0,0.0,,3.0,60.0,50.0,50.0,0.0,0.0,0.008954647,0.0,4875.0,99.99994549005758,1.8666666666666667,0.0,1.8666666666666667,0.0004248335059019349,0.005558778397956486,3733.0,1896.0,0.0,0.0,0.0,2.0,16.37025737762451,32.0,5629.0
2025-08-05 14:12:45,2.0,27069342.0,115.0,3190244938.0,1738.0,0.0,0.0,124390357241.0,691460306.0,51713.0,198.0,1.0,17165459.0,0.0,0.0,-1.0,0.0,0.0,0.0,458817.830938,100.0,134217728.0,4194304.0,4294967296.0,67108864.0,300.0,4194304.0,1073741824.0,83886080.0,4.0,1.0,1.0,0.0,1.0,2.0,33554432.0,7795.0,0.0,0.0,0.0,0.0,,3.0,60.0,50.0,50.0,0.0,0.0,0.010449259,0.0,4876.0,99.99994549010857,2.0,0.0,2.0,0.0004248330350759147,0.005558793473474571,3733.0,1896.0,0.0,0.0,0.0,2.0,16.37025737762451,32.0,5629.0
2025-08-05 14:13:00,2.0,27069371.0,115.0,3190247999.0,1738.0,0.0,0.0,124390362102.0,691462216.0,51713.0,198.0,1.0,17165459.0,0.0,0.0,-1.0,0.0,0.0,0.0,458817.84992,100.0,134217728.0,4194304.0,4294967296.0,67108864.0,300.0,4194304.0,1073741824.0,83886080.0,4.0,1.0,1.0,0.0,1.0,2.0,33554432.0,7795.0,0.0,0.0,0.0,0.0,,3.0,60.0,50.0,50.0,0.0,0.0,0.009717411,0.0,4877.0,99.99994549016087,1.9333333333333333,0.0,1.9333333333333333,0.0004248325799450873,0.0055588086111321286,4861.0,1910.0,0.0,0.0,0.0,2.0,16.37025737762451,32.0,6771.0
2025-08-05 14:13:15,2.0,27069401.0,115.0,3190250983.0,1738.0,0.0,0.0,124390365835.0,691464112.0,51713.0,198.0,1.0,17165459.0,0.0,0.0,-1.0,0.0,0.0,0.0,458817.87032,100.0,134217728.0,4194304.0,4294967296.0,67108864.0,300.0,4194304.0,1073741824.0,83886080.0,4.0,1.0,1.0,0.0,1.0,2.0,33554432.0,7795.0,0.0,0.0,0.0,0.0,,3.0,60.0,50.0,50.0,0.0,0.0,0.009271272,0.0,4878.0,99.99994549021186,2.0,0.0,2.0,0.0004248321091211195,0.005558823686648266,3733.0,1896.0,0.0,0.0,0.0,2.0,16.37025737762451,32.0,5629.0
2025-08-05 14:13:30,2.0,27069427.0,115.0,3190253967.0,1738.0,0.0,0.0,124390369568.0,691466008.0,51713.0,198.0,1.0,17165459.0,0.0,0.0,-1.0,0.0,0.0,0.0,458817.887185,100.0,134217728.0,4194304.0,4294967296.0,67108864.0,300.0,4194304.0,1073741824.0,83886080.0,4.0,1.0,1.0,0.0,1.0,2.0,33554432.0,7795.0,0.0,0.0,0.0,0.0,,3.0,60.0,50.0,50.0,0.0,0.0,0.009692346,0.0,4879.0,99.99994549026285,1.7333333333333334,0.0,1.7333333333333334,0.00042483170107452496,0.005558838762163498,3733.0,1896.0,0.0,0.0,0.0,2.0,16.37025737762451,32.0,5629.0
2025-08-05 14:13:45,2.0,27069456.0,115.0,3190256951.0,1738.0,0.0,0.0,124390373301.0,691467904.0,51713.0,198.0,1.0,17165459.0,0.0,0.0,-1.0,0.0,0.0,0.0,458817.907351,100.0,134217728.0,4194304.0,4294967296.0,67108864.0,300.0,4194304.0,1073741824.0,83886080.0,4.0,1.0,1.0,0.0,1.0,2.0,33554432.0,7795.0,0.0,0.0,0.0,0.0,,3.0,60.0,50.0,50.0,0.0,0.0,0.009078897,0.0,4880.0,99.99994549031382,1.9333333333333333,0.0,1.9333333333333333,0.0004248312459465558,0.005558853837677825,3733.0,1896.0,0.0,0.0,0.0,2.0,16.37025737762451,32.0,5629.0
2025-08-05 14:14:00,2.0,27069485.0,115.0,3190260012.0,1738.0,0.0,0.0,124390378162.0,691469814.0,51713.0,198.0,1.0,17165459.0,0.0,0.0,-1.0,0.0,0.0,0.0,458817.927398,100.0,134217728.0,4194304.0,4294967296.0,67108864.0,300.0,4194304.0,1073741824.0,83886080.0,4.0,1.0,2.0,0.0,1.0,2.0,33554432.0,7795.0,0.0,0.0,0.0,0.0,,3.0,60.0,50.0,50.0,0.0,0.0,0.01210438,0.0,4881.0,99.99994549036613,1.9333333333333333,0.0,1.9333333333333333,0.0004248307908195618,0.005558868975331069,4861.0,1910.0,0.0,0.0,0.0,2.0,16.37025737762451,32.0,6771.0
2025-08-05 14:14:15,2.0,27069515.0,115.0,3190262996.0,1738.0,0.0,0.0,124390381895.0,691471710.0,51713.0,198.0,1.0,17165459.0,0.0,0.0,-1.0,0.0,0.0,0.0,458817.94961400004,100.0,134217728.0,4194304.0,4294967296.0,67108864.0,300.0,4194304.0,1073741824.0,83886080.0,4.0,1.0,1.0,0.0,1.0,2.0,33554432.0,7795.0,0.0,0.0,0.0,0.0,,3.0,60.0,50.0,50.0,0.0,0.0,0.010954994,0.0,4882.0,99.99994549041712,2.0,0.0,2.0,0.00042483031999955963,0.005558884050843448,3733.0,1896.0,0.0,0.0,0.0,2.0,16.37025737762451,32.0,5629.0
2025-08-05 14:14:30,2.0,27069540.0,115.0,3190265980.0,1738.0,0.0,0.0,124390385628.0,691473606.0,51713.0,198.0,1.0,17165459.0,0.0,0.0,-1.0,0.0,0.0,0.0,458817.967851,100.0,134217728.0,4194304.0,4294967296.0,67108864.0,300.0,4194304.0,1073741824.0,83886080.0,4.0,1.0,1.0,0.0,1.0,2.0,33554432.0,7795.0,0.0,0.0,0.0,0.0,,3.0,60.0,50.0,50.0,0.0,0.0,0.010666647,0.0,4883.0,99.99994549046811,1.6666666666666667,0.0,1.6666666666666667,0.00042482992765035507,0.005558899126354922,3733.0,1896.0,0.0,0.0,0.0,2.0,16.37025737762451,32.0,5629.0
2025-08-05 14:14:45,2.0,27069569.0,115.0,3190268964.0,1738.0,0.0,0.0,124390389361.0,691475502.0,51713.0,198.0,1.0,17165459.0,0.0,0.0,-1.0,0.0,0.0,0.0,458817.988492,100.0,134217728.0,4194304.0,4294967296.0,67108864.0,300.0,4194304.0,1073741824.0,83886080.0,4.0,1.0,1.0,0.0,1.0,2.0,33554432.0,7795.0,0.0,0.0,0.0,0.0,,3.0,60.0,50.0,50.0,0.0,0.0,0.010835288,0.0,4884.0,99.99994549051908,1.9333333333333333,0.0,1.9333333333333333,0.00042482947252618565,0.005558914201865492,3733.0,1896.0,0.0,0.0,0.0,2.0,16.37025737762451,32.0,5629.0
2025-08-05 14:15:00,2.0,27069601.0,115.0,3190272025.0,1738.0,0.0,0.0,124390394222.0,691477412.0,51713.0,198.0,1.0,17165459.0,0.0,0.0,-1.0,0.0,0.0,0.0,458818.010239,100.0,134217728.0,4194304.0,4294967296.0,67108864.0,300.0,4194304.0,1073741824.0,83886080.0,4.0,1.0,1.0,0.0,1.0,2.0,33554432.0,7795.0,0.0,0.0,0.0,0.0,,3.0,60.0,50.0,50.0,0.0,0.0,0.010766571,0.0,4885.0,99.99994549057138,2.1333333333333333,0.0,2.1333333333333333,0.00042482897032133726,0.005558929339514422,4861.0,1910.0,0.0,0.0,0.0,2.0,16.37025737762451,32.0,6771.0
